Property Name,Type,Location,Region,Website,Price/Night (£),Adventure Features,Booking.com URL,Airbnb URL,Google Rating,description,adventure_friendly,best_for,proximity
Fforest Farm,Glamping,Cardigan,Mid Wales,https://www.coldatnight.co.uk,110-250,"Safari tents, domes, pods, river swimming, onsite pub",N/A,N/A,4.5/5,"Fforest Farm is the ultimate glamping experience for adventure travelers. Located near the Teifi Marshes and the coast, it offers a range of unique accommodation from geodesic domes to bell tents. It's a place to reconnect with nature without sacrificing comfort.","On-site outdoor activities, river access for swimming/canoeing, bike storage.","Families, couples, groups, nature lovers","Close to Cardigan Bay coast path and kayaking spots."
Under the Thatch,Agency,Various,Pembrokeshire,https://www.underthethatch.co.uk,85-200,"Unique historic buildings, yurts, cabins",N/A,N/A,4.8/5,"Under the Thatch offers a curated collection of unique stays across Wales, from restored historic cottages to luxury yurts. Perfect for those seeking character and a connection to Welsh heritage.","Remote locations, unique features, often near hiking trails.","Couples, history buffs, design lovers","Locations vary, many near coast and national parks."
Graig Wen,Glamping,Dolgellau,Snowdonia,https://www.graigwen.co.uk,90-150,"Yurts, bell tents, caban, estuary views",N/A,N/A,4.5/5,"Graig Wen offers award-winning glamping with stunning views over the Mawddach Estuary. Stay in yurts, bell tents, or a cozy caban, all situated in a wild and beautiful setting.","Direct access to Mawddach Trail, secure bike storage, drying facilities.","Couples, families, hikers, cyclists","Direct access to Mawddach Trail, near Cader Idris and Coed y Brenin."
Crashpad Lodges at Yr Helfa,Eco Lodges,Llanberis,Snowdonia,https://www.yrhelfa.co.uk,100-200,"Off-grid, renewable energy, remote mountain location",N/A,https://www.airbnb.co.uk,5.0/5,"Eco-lodges offering a peaceful basecamp in the heart of Snowdonia. Perfect for unwinding after adventure, these lodges are off-grid and powered by renewable energy.","Secure bike storage, drying room, packed lunches available.","Hikers, climbers, eco-conscious travelers","15 min drive to Zip World Velocity 2, near Snowdon trails."
Llanbedrog Beach Huts,Glamping,Llanbedrog,Llŷn Peninsula,https://www.nationaltrust.org.uk,60-120,"Beach huts, art trail, National Trust",N/A,N/A,4.5/5,"These glamping pods on the Llŷn Peninsula offer a comfortable basecamp for exploring the Welsh coast. Forget cramped tents; these pods provide a warm, dry space to recover after a day of adrenaline-fueled activities.","Outdoor gear storage, communal drying area, access to coastal path.","Surfers, kayakers, climbers, couples","Short drive to surf breaks and coasteering spots."
Three Cliffs Bay Campsite,Glamping,Three Cliffs,Gower,https://www.threecliffsbay.com,80-150,"Luxury glamping tents, sea views, near beach",N/A,N/A,4.5/5,"Campsite with luxury glamping options overlooking Three Cliffs Bay. Immerse in nature with comfort in their bell tents or yurts.","Gear storage, drying lines, easy access to beach.","Couples, families, surfers, hikers","Short walk to beach, near climbing spots and Gower Way."
Zip World Fforest,Glamping,Betws-y-Coed,Snowdonia,https://www.zipworld.co.uk,100-200,"Safari tents, pods, on-site adventures",N/A,N/A,4.5/5,"Stay right in the heart of the action at Zip World Fforest. Safari tents and pods available surrounded by woodland adventures.","On-site Zip Safari, Fforest Coaster, bike storage nearby.","Families, thrill-seekers, groups","On-site at Zip World Fforest, near Betws-y-Coed."
Llangorse Multi Activity Centre,Camping Pods,Llangorse,Brecon Beacons,https://www.llangorse.com,40-80,"Camping pods, indoor climbing, horse riding",N/A,N/A,4.5/5,"Camping pods located at Wales' premier multi-activity centre. A perfect simple base for climbing, riding, and exploring the Brecon Beacons.","On-site activities, drying room, bike wash.","Climbers, families, groups, schools","On-site climbing and riding, near Llangorse Lake."
Preseli Venture Eco Lodge,Eco Lodge,Mathry,Pembrokeshire,https://www.preseliventure.co.uk,60-120,"Eco-friendly lodge, activity packages",N/A,N/A,5.0/5,"Tranquil eco-lodge basecamp for exploring Pembrokeshire coast. Sustainable accommodation with a focus on outdoor activities.","Drying room, bike storage, equipment storage, on-site activities.","Coasteerers, kayakers, eco-travelers","Near coasteering and kayaking spots, close to coast path."
Living Room Treehouses,Treehouses,Machynlleth,Mid Wales,https://www.living-room.co,150-300,"Treehouses, remote, off-grid",N/A,N/A,5.0/5,"Magical treehouse holidays in a hidden valley in Mid Wales. Disconnect and immerse in nature in these beautifully crafted structures.","Remote location, wood-burners, near hiking trails.","Couples, romantic getaways, nature lovers","Near Dyfi Forest MTB trails and Cader Idris."
Red Kite Tree Tent,Tree Tent,Newbridge-on-Wye,Mid Wales,https://www.chillderness.co.uk,120-200,"Suspended tree tent, private stream, fire pit",N/A,https://www.airbnb.co.uk,4.8/5,"Unique spherical tree tent suspended in the canopy. Featured on George Clarke's Amazing Spaces, this is a truly unique stay.","Private, secluded, outdoor cooking, nature immersion.","Couples, design lovers, solo retreaters","Near Elan Valley and Wye Valley Walk."
Florence Springs,Glamping,Tenby,Pembrokeshire,https://www.florencesprings.co.uk,100-200,"Yurts, treehouses, hobbit houses, hot tubs",N/A,N/A,4.5/5,"Luxury glamping village with hot tubs, just outside Tenby. Offers a variety of unique structures from hobbit houses to treehouses.","Hot tubs, fishing lake, near beaches.","Families, couples, groups","Short drive to Tenby beaches and activities."
Away From It All,Glamping,Pwllheli,Llŷn Peninsula,https://www.away-from-it-all.co.uk,90-150,"Geodesic domes, farm setting, mountain views",N/A,N/A,4.8/5,"Luxury glamping domes on a working farm on the Llŷn Peninsula. Enjoy panoramic views of the mountains and coast.","Hot tubs, dark skies, space for gear.","Couples, families, peace seekers","Near Llŷn Peninsula beaches and Snowdonia."
Celtic Woodland Holidays,Glamping,Builth Wells,Mid Wales,https://www.celticwoodlandholidays.co.uk,80-150,"Pods, treehouses, woodland setting",N/A,N/A,4.5/5,"Peaceful woodland glamping in the Wye Valley. Choose from pods or treehouses nestled in the trees.","Woodland walks, bike storage, fire pits.","Couples, nature lovers, families","Near Wye Valley activities and Royal Welsh Showground."
Apple Camping,Glamping,Redberth,Pembrokeshire,https://www.applecamping.co.uk,100-250,"Yurts, domes, UFO, Jet Star plane",N/A,N/A,4.7/5,"Quirky glamping site featuring a UFO and a Jet Star plane. A fun and unique base for Pembrokeshire adventures.","Unique themed accommodation, communal facilities.","Families, groups, aviation enthusiasts","Near Tenby and Saundersfoot."
Cosy Under Canvas,Glamping,Newchurch,Brecon Beacons,https://www.cosyundercanvas.co.uk,90-160,"Geodesic domes, woodland, eco-friendly",N/A,N/A,4.8/5,"Eco-friendly glamping domes in a woodland setting near the Brecon Beacons. Stylish and sustainable with wood-fired hot tubs.","Wood-fired hot tubs, communal kitchen, hammock circle.","Couples, families, eco-conscious","Near Hay-on-Wye and Black Mountains."
Wigwam Holidays Hafren,Glamping,Staylittle,Mid Wales,https://www.wigwamholidays.com/hafren,70-120,"En-suite cabins, farm setting",N/A,N/A,4.6/5,"Comfortable glamping cabins on a working farm in the Cambrian Mountains. Great access to local trails and reservoirs.","Bike wash, drying room, fire pits.","Mountain bikers, hikers, families","Near Hafren Forest and Clywedog Reservoir."
Forest Holidays Beddgelert,Cabins,Beddgelert,Snowdonia,https://www.forestholidays.co.uk,150-300,"Luxury cabins, hot tubs, forest setting",N/A,N/A,4.5/5,"Luxury cabins set deep within Beddgelert Forest. A perfect blend of comfort and nature in the National Park.","Hot tubs, forest ranger activities, bike hire nearby.","Families, couples, groups","In Snowdonia National Park, near hiking trails."
Riverside Pods,Glamping,Betws-y-Coed,Snowdonia,https://www.riverside-touring.co.uk,60-100,"Camping pods, river views",N/A,N/A,4.4/5,"Simple camping pods located within walking distance of Betws-y-Coed. An affordable and convenient base for Snowdonia.","Basic facilities, near village amenities.","Budget travelers, hikers, cyclists","In Betws-y-Coed, adventure hub."
Slate Mountain Glamping,Glamping,Blaenau Ffestiniog,Snowdonia,https://www.zipworld.co.uk,120-200,"Safari lodges, mining history",N/A,N/A,4.6/5,"Luxury glamping lodges situated at Llechwedd Slate Caverns. Experience the history and adventure of the slate mines.","Views of quarry, near Zip World, comfortable beds.","Families, thrill-seekers, history buffs","On-site at Zip World Llechwedd."
Top of the Woods,Glamping,Boncath,Pembrokeshire,https://www.topofthewoods.co.uk,90-160,"Safari lodges, pioneer camps, meadow camping",N/A,N/A,4.8/5,"Eco-luxury glamping and camping in Pembrokeshire National Park. Spacious sites with a focus on nature connection.","Nature connection, dark skies, campfire cooking.","Families, nature lovers, groups","Near Cenarth Falls and Cardigan."
Relais & Châteaux Palé Hall,Unique Hotel,Bala,Snowdonia,https://www.palehall.co.uk,250-500,"Historic Victorian mansion, luxury",https://www.booking.com,N/A,4.8/5,"Historic luxury hotel near Bala, perfect for a high-end adventure base. Experience Victorian grandeur in Snowdonia.","Fine dining, drying room, concierge for activities.","Luxury travelers, couples","Near Bala Lake and Snowdonia activities."
Portmeirion Village,Unique Stay,Minffordd,Snowdonia,https://portmeirion.wales,150-300,"Italianate village, cottages, hotel",https://www.booking.com,N/A,4.6/5,"Stay in the unique Italianate village of Portmeirion. A surreal and beautiful location for a unique Welsh holiday.","Architecture, gardens, spa, woodland walks.","Couples, culture seekers, families","Near Snowdonia attractions."
The laundry @ Brecon,Unique Stay,Brecon,Brecon Beacons,https://www.thelaundrybrecon.co.uk,100-180,"Converted luxury barn/cottages",N/A,N/A,5.0/5,"Stylish self-catering accommodation in a converted laundry. High-end finish with practical features for active guests.","Bike storage, drying room, boot room.","Couples, cyclists, hikers","Near Brecon Beacons trails."
Plas y Brenin,Activity Centre,Capel Curig,Snowdonia,https://pyb.co.uk,80-150,"National Outdoor Centre accommodation",N/A,N/A,4.5/5,"Stay at the National Outdoor Centre, a hub for serious adventurers. Simple, functional, and steeped in climbing history.","Drying room, equipment hire, bar, expert advice.","Climbers, kayakers, hikers","Central Snowdonia location."
Plas Menai,Activity Centre,Caernarfon,Anglesey,https://www.plasmenai.co.uk,60-120,"National Watersports Centre accommodation",N/A,N/A,4.5/5,"Accommodation at the National Watersports Centre. Wake up right next to the Menai Strait ready for action.","Watersports access, drying room, equipment hire.","Watersports enthusiasts, groups","On the Menai Strait."
Llanthony Priory Hotel,Unique Stay,Llanthony,Brecon Beacons,https://www.llanthonypriory.co.uk,80-150,"Hotel built into ruined priory",https://www.booking.com,N/A,4.5/5,"Unique hotel located within the ruins of a 12th-century priory. A truly atmospheric place to stay in the Black Mountains.","Historic setting, remote, dark skies.","Hikers, history buffs, peace seekers","In the Black Mountains, Offa's Dyke nearby."
Craig y Nos Castle,Unique Stay,Ystradgynlais,Brecon Beacons,https://www.craigynoscastle.co.uk,80-150,"Historic castle hotel",https://www.booking.com,N/A,4.0/5,"Stay in a historic castle in the Brecon Beacons. Former home of Adelina Patti, with ghost tours and history.","Ghost tours, history, dog friendly.","Couples, groups, history enthusiasts","Near Dan yr Ogof caves."
Roch Castle,Unique Stay,Roch,Pembrokeshire,https://www.rochcastle.com,200-400,"12th-century castle hotel",https://www.booking.com,N/A,4.8/5,"Luxury accommodation in a restored Norman castle. Panoramic views over Pembrokeshire from the battlements.","Panoramic views, luxury amenities, historic.","Couples, luxury travelers","Near St Davids and coast."
St Briavels Castle (YHA),Unique Stay,Lydney,Wye Valley,https://www.yha.org.uk,25-60,"Hostel in a moated castle",https://www.booking.com,N/A,4.5/5,"Stay in a real castle for a budget price. A moated Norman castle used as a youth hostel.","Historic, communal, cycle storage.","Families, groups, budget travelers","In the Wye Valley/Forest of Dean."
Ty Coch Inn,Unique Stay,Morfa Nefyn,Llŷn Peninsula,https://www.tycoch.co.uk,80-150,"Pub with rooms on the beach",N/A,N/A,4.5/5,"Iconic pub located directly on the beach at Porthdinllaen. Access by foot or golf course only, adding to the seclusion.","Beachfront, pub atmosphere, car-free access.","Beach lovers, walkers, pub enthusiasts","On the beach, near Nefyn."
