Event Name,Type,Date(s)/Month,Location,Region,Website,Registration Cost (£),Participant Capacity,Description,description,who_its_for,difficulty_honest,atmosphere,tip
Chepstow Running Festival,Running,January 25,Chepstow Racecourse,South Wales,https://www.runthrough.co.uk,25-45,1000+,"Half marathon, 10K, 5K on racecourse","The Chepstow Running Festival offers a variety of races from 5k to a half marathon, all taking place on the grounds of Chepstow Racecourse. Expect a friendly, community-focused atmosphere with a focus on participation rather than elite competition, making it a great choice for a weekend running event. The course provides varied terrain, though is predominantly flat.","Beginner runners and families are especially welcome, with options for all abilities. More experienced runners looking for a serious race might find it a bit too relaxed, but it could be a good training event.","Easy to moderate. While the half marathon distance presents an endurance challenge, the mostly flat course within the racecourse grounds makes it less demanding than a trail race. Expect some slightly undulating sections but nothing overly strenuous.","Fun and supportive. Expect music, food stalls, and a lively atmosphere focused on enjoyment and celebrating participation. It's more of a running party than a fiercely competitive race.","The racecourse location means ample parking, but it can get busy closer to the start times. Arrive early to avoid delays and secure a good spot."
Llanelli Half Marathon & 10K,Running,February 8,"Festival Fields, Llanelli",Carmarthenshire,https://www.frontrunnerevents.co.uk,30-50,2000+,Coastal course on Millennium Coastal Path,"A popular running event in South Wales offering both a half marathon and a 10K race. Expect a scenic course with a mix of terrain, a friendly atmosphere, and post-race celebrations in Festival Fields. It's known for its community feel and accessible location.","Runners of all abilities are welcome, from first-time 10K runners to experienced half marathoners. Families can enjoy the event village and cheer on participants.","The half marathon includes some rolling hills, making it moderately challenging. The 10K is generally flat and suitable for beginners. Training beforehand is recommended for both distances.","More fun run than ultra-competitive, though serious runners will still find a good challenge. Expect a supportive and encouraging environment with music, food vendors, and a celebratory vibe.","Parking can be limited near Festival Fields, so arrive early or consider using public transport. There are often road closures, so plan your route in advance."
Nick Beer Llandudno 10K,Running,February 15,Llandudno Promenade,North Wales,https://www.run4wales.org,25-35,1500+,Scenic route around Great Orme,"The Nick Beer 10k is a famously challenging road race along the Llandudno promenade and onto the Great Orme, known for its steep climb and stunning coastal views. Expect a tough, hilly course and a friendly, supportive atmosphere fueled by local spirit.","Runners of all abilities are welcome, but some hill running experience is definitely recommended. While serious runners compete for top spots, many participate for the challenge and the fun, making it accessible for seasoned runners and those looking to push their limits. Not suitable for strollers or very young children due to the terrain.","This is a tough 10k. The first few kilometers are flat along the promenade, but then comes the relentless climb up the Great Orme - a very steep hill with sections that will have you walking. The descent is fast and potentially tricky. Don't expect a personal best; expect a challenge.","A real community event with a fun, supportive atmosphere. Expect lots of local spectators cheering you on, especially on the climb. There's a good buzz at the start/finish area, and a post-race celebration with food and drinks available.","Prepare for the hills! Incorporate hill training into your training plan, and practice running both up and down steep inclines. Consider wearing trail shoes for better grip on the descent, especially if it's wet."
Caerphilly Trail Races,Running,February 15,Caerphilly,South Wales,https://www.ridgerunners.co.uk,20-35,800+,5K and 10K multi-terrain trails,"Explore the Welsh countryside with the Caerphilly Trail Races, a series of running events that wind through forests and hills surrounding the historic Caerphilly Castle. Choose your distance and enjoy stunning views, a friendly atmosphere, and a well-marked course. This is a great way to experience trail running in Wales.","Trail runners of all levels. Options range from shorter, more manageable distances for beginners to longer, more challenging routes for experienced athletes. Families are welcome, especially for the shorter distances.","Moderate to challenging. Expect hilly terrain with some technical sections (roots, rocks, potentially muddy patches). The longer distances require a good level of fitness and trail running experience. Even the shorter distances include some climbs.","Welcoming and supportive. While some runners will be pushing for personal bests, the overall vibe is friendly and encouraging. Expect cheers from fellow runners and enthusiastic marshals along the course. Post-race, there's a relaxed social atmosphere.","Bring appropriate trail shoes with good grip, as the course can be slippery, especially after rain. Check the weather forecast and pack accordingly - Wales can be unpredictable!"
Jones O Gymru Anglesey Half Marathon,Running,March 1,Anglesey Showground,Anglesey,https://www.alwaysaimhighevents.com,35-50,1500+,Closed-road coastal course,"The Jones O Gymru Anglesey Half Marathon is a scenic road race showcasing the stunning landscapes of Anglesey, North Wales. Expect coastal views and charming villages along a route designed to challenge and inspire. It's a classic, no-frills half marathon experience focused on the run itself.","This race welcomes runners of all abilities, from seasoned half-marathoners to those tackling the distance for the first time. While the course is challenging, it's very popular with first-timers looking for a manageable but rewarding course. Families often participate, though the event is not specifically geared towards children beyond adult and teen runners.","The course is moderately challenging. While there aren't any significant climbs, the rolling terrain and potential for coastal winds can make for a tough run, especially in the later stages. Expect a few gradual inclines that will test your endurance, but nothing that requires specialist training.","The atmosphere is generally friendly and supportive. While many runners are aiming for personal bests, there's a strong sense of camaraderie among participants. Don't expect a wild party atmosphere; the focus is on the running and the beautiful surroundings.","Be prepared for potentially windy conditions, especially along the coastal sections. Check the weather forecast and dress accordingly. A windproof layer is a good idea."
Great Welsh Marathon & Half,Running,March 8,Pembrey Country Park,Carmarthenshire,https://www.greatwelshmarathon.co.uk,35-60,2000+,South Wales' oldest marathon,"The Great Welsh Marathon & Half is a scenic road race set within the beautiful Pembrey Country Park, offering a chance to run along the coast and through woodlands. It's a well-organized, community-focused event that prides itself on a friendly, supportive atmosphere, perfect for both seasoned runners and those tackling a longer distance for the first time.","This event welcomes runners of all abilities, from first-time marathoners to experienced racers. It's particularly appealing to those looking for a supportive and less intimidating race environment. While families aren't the primary focus, the park setting offers plenty for spectators to enjoy.","The course is generally flat, making it a good option for a first marathon or half marathon. However, expect some gently undulating sections within the park, and be prepared for potential coastal winds, which can add a degree of difficulty, especially later in the race. It's not a technical course, but pacing yourself is crucial.","The atmosphere is more 'fun run' than 'elite competition'. Expect enthusiastic support from marshals and fellow runners. While some runners are aiming for personal bests, the overall vibe is relaxed and encouraging. Post-race, there's a focus on celebration and camaraderie.","Check the weather forecast in the days leading up to the race and be prepared for potentially windy conditions, especially if running the full marathon. Consider wearing a hat or visor and adjusting your pacing strategy accordingly."
Red Warrior Challenge,Running,March 22,Margam Country Park,South Wales,https://www.redwarrior.co.uk,25-45,1000+,"5K, 10K, 20K multi-terrain","The Red Warrior Challenge is a trail running event through the diverse terrain of Margam Country Park, featuring steep climbs, muddy sections, and scenic woodland paths. Expect a good workout with beautiful views and a friendly, supportive atmosphere. This isn't just a run; it's an opportunity to test your endurance and connect with nature.","Runners of all abilities are welcome, but some trail experience is recommended. While families are welcome to spectate, the course is not stroller-friendly. More seasoned trail runners will enjoy pushing their pace, while newer trail runners can take their time and enjoy the scenery.","This is a moderately challenging course. There are some significant hills, and depending on the weather, sections can be very muddy and slippery. You don't need to be an elite athlete, but you should be comfortable running on uneven terrain for the specified distance. Walking is perfectly acceptable, especially on the steeper inclines.","The atmosphere is more fun run than serious race. While some participants will be aiming for a fast time, most are there to enjoy the challenge and the scenery. Expect supportive cheers along the route and a relaxed, friendly vibe at the finish line. Some runners come in fancy dress, and music is usually playing at the start/finish area.","Wear trail shoes! Road running shoes will not provide enough grip on the muddy and uneven sections of the course. Also, be prepared for all types of weather, even in summer."
Pendine Sands Races,Running,April 5,Pendine Sands,Carmarthenshire,https://www.limitlesstrails.co.uk,30-70,800+,"Ultra, marathon, half, 10K, 5K on beach","Embrace the raw beauty of the Welsh coastline with a run across the iconic Pendine Sands. This unique race offers a flat, fast surface unlike any other, blending the challenge of a long-distance run with the novelty of racing on the beach. Expect stunning views and a historical backdrop that adds a special dimension to your run.","Runners of all abilities are welcome, from seasoned marathoners looking for a unique race to beginner runners seeking a flat, forgiving surface for their first longer distance. Families are welcome, with plenty of space for spectators to cheer you on.","While the flat sand seems inviting, don't underestimate the challenge. The soft sand can be tiring, especially over longer distances, and wind is often a factor. It's more mentally taxing than a road race of similar distance, so prepare for a different kind of endurance test.","The atmosphere is generally relaxed and supportive, with a focus on enjoying the unique experience. While some competitive runners participate, the majority are there for the fun of running on the beach and soaking up the scenery. Expect a friendly, low-key vibe.","Check the tide times before the race! The amount of available sand and the firmness of the surface can vary dramatically depending on the tide, significantly impacting your run."
SheUltra,Running,April 11,Abersoch to Pwllheli,Llŷn Peninsula,https://www.sheultra.com,50-80,500+,World's largest all-female ultra (50K),"SheUltra is a challenging but beautiful coastal trail run tracing the Llyn Peninsula in Wales. Expect varied terrain, stunning sea views, and a real sense of accomplishment as you traverse this demanding route. More than just a race, it's an opportunity to push your limits while soaking in the raw beauty of the Welsh coastline.","Experienced trail runners comfortable with significant elevation changes and uneven terrain. While not strictly for elites, a good level of fitness and prior trail running experience is highly recommended. Newbies looking for their first ever trail race should consider shorter distances or less technical courses before attempting this one.","This is a tough one. Expect steep climbs, technical descents, and unpredictable weather conditions. The distance alone is challenging, but the constantly changing terrain and elevation profile will test your physical and mental endurance. It's not a walk in the park – proper training is essential.","Generally supportive and encouraging, but expect a focused and determined atmosphere. While camaraderie exists on the course, most runners are here to push themselves and achieve their personal best. Post-race celebrations are lively but tend to be centered around recovery and shared stories of conquering the course rather than a full-blown party.","Be prepared for all types of weather. The Llyn Peninsula is notorious for sudden changes, so pack layers, waterproofs, and sunscreen – you might need them all on the same day!"
Ogwen Yr Helgi Du,Trail Running,April 12,Ogwen Valley,Snowdonia,https://www.alwaysaimhighevents.com,35-60,1000+,"Skyrunning event: 40K, 25K, 15K options","Ogwen Yr Helgi Du is a trail running race that plunges you into the rugged beauty of the Ogwen Valley, North Wales. Expect a tough but rewarding experience tackling steep climbs, rocky descents, and stunning views that will take your breath away, assuming the hills haven't already.","Experienced trail runners are likely to get the most enjoyment out of this event, as a good level of fitness and comfort on technical terrain is needed. While not aimed at complete beginners, those with some trail running experience and a willingness to hike the steeper sections will find it a worthwhile challenge.","This is a tough race. Expect significant elevation gain and loss on technical trails including rocky, uneven ground. Weather in the Ogwen Valley can be unpredictable, adding another layer of difficulty. Be prepared to hike sections, especially on the ascents. Train those hills!","Expect a friendly, supportive atmosphere. While runners will be pushing themselves, the vibe is more camaraderie than cut-throat competition. Think determined effort combined with a shared appreciation for the stunning scenery. There's usually a good post-race buzz with food and chat.","Check the weather forecast religiously in the days leading up to the race and pack accordingly. Conditions in the mountains can change rapidly, so layers are essential. Don't underestimate the need for good trail shoes with plenty of grip!"
Beast of the Beacons,Trail Running,April 18,Talybont-on-Usk,Brecon Beacons,https://www.limitlesstrails.co.uk,40-70,800+,"40, 20, 10 mile trail challenge","The Beast of the Beacons is a challenging trail running event through the rugged and beautiful Brecon Beacons National Park in Wales. Expect steep climbs, technical descents, and stunning panoramic views, all wrapped up in a supportive and encouraging atmosphere. It's a true test of endurance and mental fortitude.","Experienced trail runners and those with a good level of fitness seeking a tough challenge. While beginners are welcome, be prepared for a significant step up in difficulty from road running. Not suitable for young children or those with limited trail running experience.","This is a tough course. Expect significant elevation gain on technical terrain. There will be sections of steep, uneven ground, and potentially challenging weather conditions. Proper trail running shoes are essential, and training on similar terrain is highly recommended. Be prepared to hike some sections.","The atmosphere is supportive and encouraging, but definitely leans towards the serious end. While there's camaraderie amongst runners, most are focused on completing the demanding course. Expect a well-organized event with a no-frills, focused vibe.","Be prepared for changeable weather. The Brecon Beacons are notorious for sudden shifts in conditions, so pack layers and be ready for anything from sunshine to rain and wind."
ABP Newport Marathon Festival,Running,April 19,Newport,South Wales,https://www.newportmarathon.co.uk,35-60,5000+,"Marathon, half, 10K, mile - flat & fast","The ABP Newport Marathon Festival is a celebration of running, featuring a flat and fast marathon course perfect for chasing personal bests. Expect a supportive atmosphere with enthusiastic crowds and a well-organized race experience. Beyond the marathon, shorter distance races make it a full weekend of running.","The marathon attracts a wide range of runners, from experienced marathoners aiming for a fast time to those completing their first 26.2 miles. The 10k and 5k events are very beginner-friendly, perfect for families and those new to running. Experienced 10k and 5k runners will still find it a well-organized and enjoyable run.","The marathon course is flat, making it one of the UK's fastest. This doesn't mean it's easy! It's still a marathon, and you'll need to put in the training miles. The 10k and 5k are relatively easy and accessible to most fitness levels.","Expect a buzzing race village with music and food vendors. The marathon has a serious but supportive vibe among runners, with plenty of encouragement from spectators along the course. The shorter races have a more relaxed and fun atmosphere.","Due to the flat course, expect the possibility of wind, especially along the coastal sections. Check the weather forecast and plan your clothing accordingly."
Medieval Backyard Ultra,Ultra Running,April 25,Cosmeston Lakes,South Wales,https://www.gertlushevents.co.uk,50-80,200+,Last one standing endurance event,"The Medieval Backyard Ultra is a last-person-standing event where runners complete a 4.167-mile loop every hour, on the hour, until only one remains. Embrace the absurdity and test your mental fortitude amidst the beautiful (and occasionally muddy) trails of Cosmeston Lakes, with a medieval twist in honor of the location.","Ultra runners of all abilities are welcome, from seasoned veterans to those curious about pushing their limits. This is a great way to experience the distance without pressure; it's less about speed and more about endurance and strategy.","This isn't your average trail run. The distance is relentless, and the sleep deprivation is real. While each loop individually isn't overly technical, the cumulative effect of repeated loops, lack of sleep, and enforced breaks takes a toll. Even experienced marathoners find this format surprisingly challenging.","The atmosphere is surprisingly supportive and communal. During the hourly breaks, runners share stories, offer encouragement, and enjoy snacks. While the competition intensifies as the field thins, the overall vibe is one of camaraderie and shared suffering.","Plan your hourly break strategy carefully. Efficiently managing your time for eating, resting, and using the restroom is crucial. Don't waste precious minutes, and have a crew if possible to help with your needs."
Radyr Trail Races,Trail Running,May 9,"Radyr, Cardiff",South Wales,https://www.limitlesstrails.co.uk,30-55,1000+,Half marathon and trail marathon,"Radyr Trail Races offers a variety of distances on the scenic trails surrounding Radyr, Cardiff. Expect a friendly, community-focused atmosphere with a mix of challenging climbs and fast, runnable sections. It's a great introduction to trail running, but experienced runners can also push their limits.",Beginner to intermediate trail runners. Walkers are welcome in some of the shorter distances. Families looking for an active morning out will find options for all ages and abilities.,"Moderate. While there are some steep inclines, the distances are manageable for anyone with a reasonable level of fitness. The terrain is mostly well-maintained trails, but expect some uneven surfaces and potential for mud depending on the weather.","More fun run than hardcore race. Expect a supportive and encouraging environment, with plenty of cheering and a relaxed atmosphere at the finish line. It's a good opportunity to meet other trail running enthusiasts.","Parking can be limited, so arrive early or consider carpooling. Trail shoes are recommended, especially if it's been raining."
Barry Island 10K,Running,May 17,Barry Island,South Wales,https://www.run4wales.org,25-35,2000+,Coastal 10K with iconic backdrop,"The Barry Island 10K is a road race that takes you on a scenic tour of the iconic Welsh seaside resort. Expect bracing sea air, cheerful crowds, and views across the Bristol Channel as you tackle a relatively flat course with a few cheeky undulations thrown in to keep things interesting. It's a great opportunity to chase a PB or simply enjoy a fun run in a beautiful location.","This race welcomes runners of all abilities, from seasoned club athletes looking for a fast time to first-time 10K participants. While the course is generally accessible, it's less suitable for those with significant mobility limitations.","The course is mostly flat with some gentle inclines, making it a good option for runners of all levels. However, don't underestimate the wind coming off the sea – it can definitely add an extra challenge, especially in exposed sections. It's not a walk in the park, but definitely achievable with a reasonable level of fitness.","The Barry Island 10K has a lively and supportive atmosphere. While some runners are focused on their personal bests, most are there to enjoy the experience and soak up the seaside vibes. Expect plenty of cheering, music, and a general sense of camaraderie amongst the participants.","Pay close attention to the weather forecast in the days leading up to the race and be prepared for all conditions. Barry Island can be particularly exposed, so pack layers and consider a windproof jacket even if the forecast looks promising."
Abersoch 10K,Running,May 30,Abersoch,Llŷn Peninsula,https://www.abersoch10k.co.uk,25-35,1000+,"Beach finish, part of Triple Crown","The Abersoch 10K is a popular coastal road race known for its stunning views of Cardigan Bay and lively atmosphere. It's a looped course starting and ending in the heart of Abersoch village, offering a mix of flat sections and challenging undulations. Expect a buzzing race village and plenty of local support along the route.","This race is suitable for a broad range of runners, from those aiming for a personal best to those simply looking to enjoy a scenic run. Families and social runners are welcome, but be aware the course has some hills.","While not a flat course, the Abersoch 10K is manageable for most reasonably fit runners. There are a couple of significant climbs that will test your legs, but the descents offer a chance to recover. Training on undulating terrain is recommended.","The atmosphere is generally fun and friendly, with a good mix of serious runners and those taking a more relaxed approach. Expect plenty of cheering from spectators and a post-race buzz in the village pubs and cafes.","Parking in Abersoch can be tricky on race day, so arrive early or consider using the park-and-ride service to avoid stress. And remember to factor in the wind – being a coastal race, conditions can vary!"
Swansea Half Marathon,Running,June 7,Swansea,South Wales,https://www.swanseahalfmarathon.co.uk,35-50,4000+,Biggest summer fun run in Wales,"The Swansea Half Marathon is a popular road race known for its relatively flat, scenic course along Swansea Bay. Expect a well-organized event with enthusiastic local support, catering to a wide range of abilities. It's a great opportunity to achieve a personal best while enjoying the coastal scenery.",This race welcomes everyone from seasoned half-marathon veterans aiming for a fast time to first-time runners looking to complete their first 13.1 miles. There's also a strong contingent of charity runners.,"While the course is mostly flat, there are a few gentle undulations that can be tiring in the later stages. Good training is still essential, but it's considered a beginner-friendly half marathon.","The atmosphere is supportive and encouraging, with plenty of spectators lining the route, especially along the seafront. Expect a mix of serious runners focused on performance and others just enjoying the experience. It's more 'community' than 'cutthroat'.","Accommodation in Swansea can get booked up well in advance, so secure your lodging early, especially if you're travelling from outside the area."
ABP Newport Marathon Festival,Running,April 19,Newport,South Wales,https://www.newportmarathon.co.uk,35-60,5000+,One of Europe's flattest marathon courses,"The ABP Newport Marathon Festival is a full-day running celebration centered around a flat, fast marathon course. It also includes a 10K and family-friendly fun run, creating a vibrant atmosphere for runners of all abilities. Expect strong local support and a scenic route alongside the River Usk.","The marathon primarily attracts experienced runners aiming for personal bests or qualifying times, but the 10k and fun run make it a suitable event for beginners and families looking to participate in a larger festival. Walkers are welcome in the fun run.","The marathon course is largely flat and considered fast, making it a good option for chasing a personal best. However, any marathon is a significant physical challenge. The 10k is also relatively flat and beginner-friendly. The fun run is untimed and accessible to all fitness levels.","The event has a friendly and supportive atmosphere, with local community involvement adding to the positive energy. While some runners are serious about their times, the overall vibe is inclusive and encouraging. Expect music, cheering crowds, and a festival-like atmosphere at the event village.","Book your accommodation early, as Newport can get busy during the festival weekend. Also, take advantage of the course being flat and try to negative split if you are aiming for a PB."
Cardiff Half Marathon,Running,October 4,Cardiff,South Wales,https://www.cardiffhalfmarathon.co.uk,40-60,25000+,"Part of SuperHalfs Series, largest in Wales","The Cardiff Half Marathon is a massive city-center race that's become a staple on the UK running calendar. Expect a vibrant course showcasing Cardiff's landmarks, and a buzzing atmosphere fueled by enthusiastic crowds. It's a great option for a fast time or a first half.","Beginners looking for a well-supported first half marathon, experienced runners aiming for a PB, and charity runners enjoying the atmosphere.","Relatively flat and fast, making it beginner-friendly. However, any half marathon requires solid training and endurance. Expect some minor undulations, but nothing too taxing.","Electric! Think huge crowds, live music along the course, and a real party vibe at the finish line. It's a well-organized and supportive event.","Book accommodation well in advance as Cardiff gets very busy on race weekend. Also, familiarize yourself with the city-center road closures to avoid travel headaches."
Anglesey Trail Half Marathon,Trail Running,November 1,Newborough Forest,Anglesey,https://www.alwaysaimhighevents.com,35-50,1000+,Trail through forest and Llanddwyn Island,"A stunning trail half marathon weaving through the diverse landscapes of Newborough Forest and along the iconic Anglesey coastline. Expect sandy trails, woodland paths, and breathtaking views of Llanddwyn Island. It's a proper challenge, but with a friendly, supportive atmosphere that celebrates personal achievement over cutthroat competition.","Trail runners of all abilities are welcome, but some prior experience running off-road is recommended. While families often come to spectate and enjoy the forest, the half marathon distance isn't suitable for children to participate in unless they are experienced runners. Walkers are not permitted.","This isn't a flat road race. Expect undulating terrain with a mix of soft sand, uneven forest trails, and potentially muddy sections depending on the weather. There are some short, sharp climbs that will test your legs and lungs. It's achievable for anyone with a reasonable base level of fitness and some trail running experience, but be prepared to work for it.","More fun run than fiercely competitive race. Expect plenty of encouragement along the route, a lively race village with food and music, and a general sense of camaraderie amongst the participants. People are here to enjoy the scenery, challenge themselves, and have a good time.","Bring trail shoes! Road shoes will likely struggle with the sand and uneven surfaces. Also, be prepared for changeable weather – layers are your friend."
Conwy Half Marathon,Running,November 15,Conwy,North Wales,https://www.runwales.com,35-50,2000+,Top 5 most scenic UK half marathon,"A classic road half marathon circling the historic walled town of Conwy, North Wales. Expect stunning views of Conwy Castle, the estuary, and Snowdonia mountains, alongside a supportive, community-focused atmosphere.","Suitable for all levels of runners, from seasoned half-marathoners chasing a personal best to first-timers looking for an achievable challenge. Walkers are welcome but should be aware of the course time limit.","Moderate. The course is mostly flat with some gentle undulations, but a few short, sharp hills provide a decent challenge, particularly around the 8-mile mark. Weather in Conwy can be unpredictable, so be prepared for wind and potential rain.","Friendly and encouraging, with local support lining much of the route. Expect a mix of runners taking it seriously and those enjoying the experience. It's more community fun-run than elite competition, though there are competitive runners present.","Parking in Conwy is limited, especially on race day. Arrive early or consider using the park-and-ride service from nearby Llandudno to avoid pre-race stress."
Slateman Triathlon,Triathlon,June 14,Llanberis,Snowdonia,https://www.alwaysaimhighevents.com,80-150,2000+,"Iconic Snowdonia triathlon - swim in lake, bike, run","The Slateman Triathlon is a uniquely Welsh race through the heart of Snowdonia National Park. You'll swim in a glacial lake, cycle through slate quarries, and run up challenging mountain trails, all while surrounded by stunning scenery. It's a tough but rewarding experience that tests your grit and celebrates the beauty of North Wales.","While experienced triathletes will be pushing for top times, the Slateman also welcomes first-timers and those looking for a memorable challenge. There are different distance options to cater to varying fitness levels, but it's best suited for those with a decent base level of fitness and a spirit for adventure.","This is a HARD triathlon. The swim is in a cold lake, the bike course features steep climbs and technical descents, and the run includes significant elevation gain on uneven terrain. Be prepared for tough conditions and don't underestimate the cumulative effect of the climbs.","The atmosphere is supportive and encouraging, but definitely leans towards the serious side. It's not a party race; people are there to push themselves. Expect a good amount of pre-race nerves and a collective sense of accomplishment at the finish line.","The weather in Snowdonia is notoriously unpredictable. Pack for all conditions, including rain gear, warm layers, and sunscreen. Check the forecast religiously in the days leading up to the race and adjust your gear accordingly."
Llandudno Triathlon,Triathlon,June 28,Llandudno,North Wales,https://www.alwaysaimhighevents.com,70-140,1000+,"Sea swim, coastal bike, run","The Llandudno Triathlon is a classic UK triathlon set against the stunning backdrop of the North Wales coast. Expect a challenging sea swim, a hilly bike course showcasing the region's beauty, and a run along the Victorian promenade. The event is known for its friendly atmosphere and supportive community, making it a great option for all abilities.","This triathlon welcomes all abilities, from seasoned triathletes to first-timers. While there are definitely serious competitors, the overall vibe is inclusive and encouraging. Families often come to support, creating a great atmosphere.","The sea swim can be choppy depending on the weather, so some open water experience is recommended. The bike course is undeniably hilly, with some steep climbs that will test your legs. The run is relatively flat but comes after a tough bike section, so pacing is key. Overall, a challenging but achievable triathlon.","Expect a buzzing atmosphere with plenty of enthusiastic supporters lining the route. While some competitors are focused on their times, the overall vibe is friendly and supportive. Post-race, there's a real sense of camaraderie among participants.",Check the tide times before the race! A low tide can make the swim exit more challenging due to exposed rocks.
IRONMAN Wales,Triathlon,September 13,Tenby,Pembrokeshire,https://www.ironman.com/wales,400-600,2500+,"Full Ironman - challenging sea swim, hilly bike","IRONMAN Wales is a full-distance triathlon renowned for its challenging course and electric atmosphere. Expect a brutal swim, a hilly bike leg through stunning Pembrokeshire, and a marathon with relentless elevation changes, all fueled by passionate Welsh support.","Experienced triathletes seeking a tough and memorable challenge. First-time IRONMAN athletes are welcome, but be prepared for a significant test of endurance and mental fortitude. This isn't a beginner-friendly event, and adequate training is crucial.","Extremely difficult. The swim can be rough due to unpredictable sea conditions. The bike course is relentlessly hilly with over 11,000 feet of elevation gain. The run is also very challenging with constant undulation. This is widely considered one of the toughest IRONMAN courses in the world.","Incredibly supportive and electric. The Welsh crowds are famous for their enthusiastic cheering and encouragement, which will help you push through the tough moments. Expect a party atmosphere in Tenby throughout the weekend, but also a serious commitment from athletes focused on conquering the course.","Book accommodation well in advance as Tenby fills up quickly. Also, practice hill repeats on your bike and run to prepare for the elevation changes."
IRONKIDS Wales,Junior Triathlon,September 12,Tenby,Pembrokeshire,https://www.ironman.com/wales,15-25,500+,Participation-focused kids event,"IRONKIDS Wales is a junior triathlon giving kids aged 3-14 the chance to experience the thrill of triathlon in a safe, supportive environment. It's all about participation and fun, with a focus on finishing rather than racing to win, letting kids feel like true IRONMAN athletes.",Kids aged 3-14 of all athletic abilities. No prior triathlon experience is necessary. Families are welcome to cheer on their kids and enjoy the event atmosphere.,"The distances are age-appropriate and designed to be achievable for most kids. Some minimal training is recommended, like getting comfortable swimming a short distance and riding a bike. It's more about completing the event than setting records.","Energetic and fun! Expect cheering crowds, music, and a real sense of accomplishment as kids cross the finish line. It's a very supportive environment with lots of encouragement from volunteers and spectators.","Arrive early to allow plenty of time for parking, registration, and familiarizing yourself with the transition area. Knowing where to rack your bike and find your gear will help reduce stress on race day."
Trails & Tarmac Winter Backyard Ultra,Ultra Running,February 14,Black Mountains,Brecon Beacons,https://www.limitlesstrails.co.uk,60-90,200+,4.2 mile laps every hour until one remains,"The Trails & Tarmac Winter Backyard Ultra is a last-person-standing running event set against the stark beauty of the Black Mountains. Participants run a 4.167-mile loop every hour, on the hour, until only one runner remains. Expect mud, hills, darkness, and a serious test of mental fortitude in a minimalist, winter setting.","Experienced runners with ultra ambitions, but also those curious about testing their limits in a supportive (initially!) environment. Newcomers to ultra running are welcome if they understand the format, but be prepared for a potentially humbling experience. Not suitable for families with young children due to the nature and duration of the event.","Extremely challenging. While each loop is manageable, the accumulated fatigue and sleep deprivation make this a brutal test of endurance. Winter conditions in the Black Mountains add another layer of difficulty. Prepare for icy patches, mud, and potential route changes depending on the weather. Completing even 24 hours is a significant achievement.","Initially supportive and encouraging, with runners sharing stories and strategies. As the hours tick by, the atmosphere becomes more focused and introspective. While camaraderie remains, the primary focus shifts to individual survival. Expect a mix of quiet determination and the occasional burst of nervous energy.",Practice running through the night and experiment with sleep strategies beforehand. Managing sleep deprivation is as important as physical fitness in a backyard ultra.
Trail Marathon Wales,Trail Running,June (TBC),Coed y Brenin,Snowdonia,https://www.trailmarathonwales.co.uk,50-80,1000+,Mountain marathon in forest park,"Trail Marathon Wales isn't just a marathon; it's a proper mountain running experience through the stunning, but relentlessly hilly, Coed y Brenin forest. Expect technical trails, lung-busting climbs, and breathtaking views that might just make you forget how much your legs hurt. It's a tough but rewarding challenge, likely to be wet underfoot, set in a truly beautiful part of the world.","Experienced trail runners with a decent level of fitness. While there are shorter distance options, the marathon itself isn't for beginners. Hikers used to long days on tough terrain will cope better than road marathoners unprepared for the technical aspects.","This is a HARD marathon. The elevation gain is significant, the trails are technical with rocks, roots, and potential mud, and the weather in Wales can be unpredictable. Even experienced marathoners should adjust their pace expectations and be prepared to hike sections. Consider the half marathon if you're newer to trail running or unsure about the full distance.","More serious than a party, but incredibly supportive. Expect camaraderie amongst runners battling the course together. The focus is on personal achievement and conquering the challenge, with a post-race atmosphere of shared accomplishment and plenty of hearty Welsh food.","Pack for all weather conditions, even in summer. Waterproof jacket, trail shoes with good grip, and gaiters are highly recommended. The midges can be fierce, so bring repellent!"
Dragons Back Race,Ultra Running,September (TBC),Conwy to Cardiff,Wales (full length),https://www.dragonsbackrace.com,800-1200,200+,"6-day mountain race, 315km","The Dragons Back Race is a legendary five-day, point-to-point ultra running challenge that traverses the mountainous spine of Wales, from Conwy Castle in the north to Cardiff Castle in the south. It's a brutal test of endurance, navigation, and self-sufficiency amidst some of the UK's most stunning and unforgiving terrain. Expect long days, minimal sleep, and serious bragging rights if you finish.","Experienced ultra runners only. This is not a beginner-friendly event. You need extensive experience in mountain running, navigation, and self-sufficiency in challenging terrain. Prior multi-day race experience is highly recommended.","Extremely difficult. This is one of the toughest mountain races in the world. Each day involves significant elevation gain and loss over technical terrain, often in unpredictable weather conditions. Expect long hours on your feet, potential for sleep deprivation, and a high attrition rate.","Serious and demanding. While camaraderie exists amongst participants, the focus is primarily on survival and completing the course. Expect a supportive but competitive atmosphere, where self-reliance and mental fortitude are crucial.","Navigation skills are paramount. The course is not fully marked, and you will be relying on your own map and compass skills for significant portions of the race. Practice navigating in similar terrain before the event."
Berghaus Dragon's Back Race,Ultra Running,September (TBC),Conwy to Cardiff,Wales,https://www.berghaus.com,800-1200,200+,World's toughest mountain race,"The Berghaus Dragon's Back Race is a legendary 5-day ultramarathon traversing the mountainous spine of Wales, from north to south. It's a brutal test of navigation, endurance, and self-sufficiency, renowned for its unforgiving terrain and stunning scenery. Expect long days, challenging climbs, and a profound sense of accomplishment (if you finish!).","Experienced ultramarathon runners with significant mountain running and navigation skills. This is NOT a beginner-friendly event. Prior experience in multi-day events and self-supported running is highly recommended. Successful completion requires a high level of fitness, mental fortitude, and technical competence.","Extremely difficult. This is one of the toughest mountain ultramarathons in the world. Each day involves significant elevation gain (think thousands of meters), technical terrain (rocky ridges, boggy ground), and demanding navigation. Expect long days on your feet, potential sleep deprivation, and a high attrition rate. Prepare for all types of weather, from scorching sun to torrential rain and strong winds. Cut-off times are strict and unforgiving.","Serious and focused. While camaraderie exists amongst participants, the primary atmosphere is one of intense personal challenge and determination. Support is minimal, and runners are largely responsible for their own safety and well-being. Don't expect a party; expect survival.","Prioritize navigation skills above all else. Physical fitness is crucial, but the ability to navigate accurately and efficiently across complex terrain is essential for success. Invest in advanced navigation training and practice extensively in similar environments before race day."
Tour of Britain (Wales Stages),Cycling Race,September (TBC),Various,Wales,https://www.tourofbritain.co.uk,Free to watch,Unlimited,Professional cycling race,"Experience the thrill of professional cycling on the challenging Welsh stages of the Tour of Britain. Ride iconic climbs and breathtaking coastal routes in a mass participation event alongside the pros, soaking in the vibrant atmosphere of this world-class race.","Experienced cyclists with a good level of fitness looking for a demanding but rewarding challenge. While not exclusively for elites, a solid training base and familiarity with riding in a group are essential.","Very Hard. These are the same roads tackled by professional cyclists. Expect significant elevation gain, potentially challenging weather conditions (wind and rain are common), and long days in the saddle. This is not a beginner-friendly ride; proper training and preparation are crucial.","A mix of serious cycling and enthusiastic support. While not a party atmosphere, the roadside support is incredible, and riders share a common bond in tackling such a tough challenge. Expect a focused but friendly vibe amongst participants.",Pay close attention to the route profile and focus your training on climbing. Familiarize yourself with gear ratios suitable for steep gradients to conserve energy on the unrelenting Welsh hills.
Dragon Ride,Sportive,June (TBC),Port Talbot,South Wales,https://www.thedragonride.co.uk,50-80,3000+,Largest sportive in Wales,"The Dragon Ride is a classic UK cycling sportive, renowned for its challenging climbs through the stunning Brecon Beacons National Park. Expect a tough but rewarding day on the bike, fueled by incredible scenery and a supportive community of fellow riders. This is a bucket-list event for anyone serious about road cycling.","Experienced cyclists with a good level of fitness are best suited to the longer routes. There are shorter route options available for those newer to sportives or looking for a less demanding day, but even those will require some training.","Brutal. Let's be clear, this isn't a Sunday cruise. The climbs are long, steep, and relentless. The Dragon Devil route is particularly savage, with significant elevation gain. Even the shorter routes will test your legs and lungs.","Serious but friendly. There's a competitive edge for those chasing personal bests, but overall the atmosphere is one of camaraderie and mutual respect. Expect lots of encouragement on the climbs and a celebratory vibe at the finish line.","Train specifically for climbing. Living in a flat area? Find hills, use a turbo trainer, or travel to hilly regions for training rides. Your legs will thank you."
Etape Eryri,Sportive,July (TBC),Snowdonia,North Wales,https://www.etapeeryri.co.uk,50-80,1500+,Challenging Snowdonia sportive,"Etape Eryri is a challenging but stunningly beautiful road cycling sportive set against the backdrop of Snowdonia National Park. It's a chance to test your legs on some serious climbs while soaking in incredible Welsh scenery. Expect a well-supported ride with a friendly, community feel.","Experienced cyclists comfortable with long distances and significant elevation gain will enjoy this event the most. While not a race, it's not ideal for complete beginners unless you're prepared for a very long day in the saddle. Those who've completed other sportives with similar elevation profiles should find it manageable.","This is a tough sportive. Snowdonia isn't flat! Expect multiple significant climbs, some with steep gradients. Proper training is essential, and you'll want to be comfortable riding for several hours. Don't underestimate the cumulative effect of the hills.","The atmosphere is generally supportive and encouraging. While some riders will be pushing for personal bests, most are there to enjoy the ride and the scenery. There's a strong sense of camaraderie amongst participants, and the feed stations are known for their friendly volunteers.","Bring appropriate clothing for all weather conditions. Snowdonia weather can change rapidly, even in summer. Pack layers, a waterproof jacket, and consider arm warmers and leg warmers."
Rhosneigr Wave Classic,Windsurfing,September 12-14 (TBC),Rhosneigr,Anglesey,https://www.britishwavesailing.com,Free to watch,100+,"UK's premier wavesailing event, BWA Tour","The Rhosneigr Wave Classic is a legendary UK windsurfing competition held on the exposed coastline of Anglesey. It's a blend of amateur and professional wave sailing, attracting seasoned competitors and enthusiastic locals alike for a weekend of high-flying action and beachside camaraderie. Expect challenging conditions and a vibrant social scene.","Experienced windsurfers comfortable in wave conditions are best suited for this event. While there are different fleets to cater to skill levels, it's not for complete beginners. You'll need to be able to confidently sail out, tack, jibe, and handle strong winds and swell.","This event is HARD. Rhosneigr is known for its strong winds and powerful waves, which can be brutal. You'll be battling the elements, so expect to be physically and mentally tested. Intermediate sailors should be prepared to spend time swimming and potentially repairing gear.","The atmosphere is a mix of friendly competition and relaxed beach vibes. During the day, the focus is on the water with competitors pushing their limits. Evenings are for sharing stories, enjoying live music, and celebrating (or commiserating) the day's action. It's a proper windsurfing community event.","Check the forecast obsessively in the days leading up to the event and pack for all conditions. Rhosneigr can be unpredictable, so bring a range of sails, wetsuits, and warm layers. And don't forget a good repair kit!"
Abersoch Dinghy Week,Sailing,August (TBC),Abersoch,Llŷn Peninsula,https://www.abersoch.co.uk,Varies,200+,Major sailing regatta,"Abersoch Dinghy Week is a week-long sailing regatta held annually in Abersoch, North Wales, offering racing for a wide variety of dinghy classes. Expect a mix of serious racing and social events, with a friendly atmosphere both on and off the water. It's a chance to test your skills against other sailors and enjoy the beautiful coastal scenery.","Everyone from seasoned racers to families and less experienced sailors are welcome. Different fleets cater to different skill levels and boat types, so check the class options to find one that suits you.","The difficulty depends on the weather conditions, which can be unpredictable. Expect everything from light breezes to strong winds and choppy seas. Some races will be technically challenging, others more about boat speed and strategy. Fitness-wise, it's not excessively strenuous but requires stamina to sail for several hours each day.","The atmosphere is generally friendly and welcoming, striking a balance between competitive racing and a relaxed social scene. There are usually evening events, including parties and barbecues, creating a great opportunity to meet other sailors. On the water, expect focused racing but with a spirit of camaraderie.","Book accommodation well in advance as Abersoch gets very busy during Dinghy Week. Also, familiarize yourself with the local tidal conditions as they can significantly impact race strategy."
Cardiff Bay Water Festival,Watersports,July (TBC),Cardiff Bay,South Wales,https://www.cardiffharbour.com,Free,Unlimited,"Kayaking, paddleboarding, sailing demos","The Cardiff Bay Water Festival is a multi-sport event centered around the iconic Cardiff Bay. It features open water swimming, stand-up paddleboarding (SUP) races, and kayaking challenges, creating a lively atmosphere for both participants and spectators. Expect a fun, community-focused day out with activities for all skill levels.","Open to all skill levels, from first-time paddlers to experienced open water swimmers. Families are welcome to participate in shorter courses and enjoy the festival atmosphere. Separate categories exist for competitive racers.","The swimming courses range from beginner-friendly (750m) to challenging (2.5km), so choose wisely. SUP and kayak courses are generally manageable for anyone with basic experience, but the Bay can be choppy, adding an extra layer of difficulty depending on the weather. Expect some arm fatigue!","A blend of friendly competition and relaxed fun. While some participants are serious about racing, the overall vibe is supportive and encouraging. Expect music, food stalls, and a celebratory atmosphere throughout the day.","Cardiff Bay can get windy, so check the forecast and be prepared for potentially choppy water conditions. Bring a wetsuit for the swim, even if you're a seasoned swimmer, as the water can be cold!"
Red Bull Hardline,MTB Downhill,September (TBC),Dyfi Forest,Mid Wales,https://www.redbull.com,Free to watch,Unlimited,World's toughest downhill MTB race,"Red Bull Hardline isn't just a downhill race; it's a savage test of skill and nerve on a course designed to break bikes and bodies. This is mountain biking at its absolute limit, pushing riders beyond what seems possible in the unforgiving Welsh landscape. Spectating is a visceral experience, witnessing riders teetering on the edge of control.",This event is *not* for beginners. It's exclusively for elite-level downhill mountain bikers with years of experience tackling the most challenging terrain in the world. Think World Cup racers and freeride legends.,"Brutally difficult. This is widely considered the hardest downhill course *ever* conceived. Expect near-vertical rock rolls, massive jumps, technical singletrack sections littered with roots and rocks, and constantly changing weather conditions. Crashes are common, and even finishing is an achievement.","The atmosphere is intense, a blend of nervous anticipation and raw excitement. While there's camaraderie amongst the riders, the primary focus is on survival and conquering the course. Expect a hardcore, no-nonsense vibe, focused on pushing limits.","If you're planning to spectate, wear appropriate footwear for hiking in muddy conditions, be prepared for unpredictable weather, and choose your viewing spot wisely. Some areas are only accessible via steep, challenging trails."
Welsh Gravity Enduro Series,MTB Enduro,March-October,Various,Wales,https://www.welshgravityenduro.co.uk,40-70,500+,Enduro race series across Wales,"The Welsh Gravity Enduro Series is a multi-stage mountain bike race held across various locations in Wales, known for its challenging terrain and vibrant MTB community. Riders navigate timed downhill stages, linked by untimed transition climbs, testing both their technical skills and physical endurance. Expect stunning scenery and a proper taste of Welsh riding!","While experienced riders will definitely be competitive, the series welcomes riders of intermediate skill levels comfortable on technical trails. There are often different categories based on age and experience, making it accessible to a range of abilities. Not ideal for complete beginners without some existing MTB experience.","This is a physically demanding event. Stages are steep, technical, and can be quite long. Transition climbs between stages are no joke either! Expect a full day in the saddle with plenty of climbing and descending. Fitness is key, and familiarity with technical trail features like drops, jumps, and rock gardens is essential.","The atmosphere is generally friendly and supportive, with a good balance between competition and camaraderie. Riders often help each other out on the course, and there's a strong sense of community. Expect post-race beers and stories shared at the event village.","Check the specific event location and stage maps beforehand. Knowing the terrain and key features will give you a significant advantage, especially on blind courses. Dial in your tire pressure for the conditions and bring spares!"
Coed y Brenin Enduro,MTB Enduro,October (TBC),Coed y Brenin,Snowdonia,https://www.beicsbrenin.co.uk,40-60,400+,Popular enduro event,"The Coed y Brenin Enduro is a proper mountain bike enduro race held in the renowned trail centre. Expect a mix of fast, flowing trails and technical, rocky sections that will test your bike handling skills. It's a classic UK enduro experience.","Intermediate to advanced mountain bikers. While some stages are manageable for confident beginners, others demand solid technical skills. This isn't a family ride; it's designed for experienced riders comfortable on challenging terrain.","This is a physically and technically demanding race. Stages are long, and the transitions can be tough, especially if the weather turns. Expect steep climbs, tight switchbacks, and plenty of rocks and roots. Fitness is important, but bike handling is crucial for a good time and avoiding mechanicals.","A friendly but competitive atmosphere. Riders are generally supportive of each other, but everyone is there to push their limits. Expect a buzz at the event village, but out on the trails, it's focused riding.","Tyre choice is critical! Opt for robust tyres with good grip and sidewall protection. Coed y Brenin is known for its sharp rocks, and punctures are common."
Adventure Travel World Summit,Industry Conference,October (TBC),Llandudno (2025),North Wales,https://www.adventuretravel.biz,500-1000,800+,Global adventure tourism conference,"The Adventure Travel World Summit is the premier annual gathering for professionals in the adventure tourism industry. Expect a week packed with keynotes, workshops, networking events, and a trade show, all focused on the latest trends, challenges, and opportunities in adventure travel.","Adventure travel operators, tourism boards, travel agents specializing in adventure, gear manufacturers, journalists, and anyone working to promote or develop the adventure tourism industry. Not for general consumers.","This isn't physically challenging. The challenge lies in absorbing a lot of information, navigating networking opportunities effectively, and potentially pitching your business or product to key industry players. Expect long days and evenings.","Professional and collaborative, but also vibrant and social. The Summit fosters a strong sense of community among adventure travel professionals. Expect serious business discussions balanced with fun social events and opportunities to explore the host destination.","Come prepared with clear goals and a concise 'elevator pitch' for your business or product. The networking is invaluable, so make the most of it."
Green Man Festival,Music/Outdoor,August (TBC),Brecon Beacons,Brecon Beacons,https://www.greenman.net,200-300,25000+,Music festival in mountain setting,"Green Man isn't just a music festival; it's a temporary escape into a world of art, science, and Welsh folklore nestled in the stunning Brecon Beacons. Expect days filled with incredible music across multiple stages, late-night film screenings, inspiring science talks, and hidden nooks and crannies to explore. At the heart of it all is the burning of the Green Man effigy, a symbolic ritual marking the end of the festival.","Anyone who appreciates diverse music (indie, folk, electronic, experimental), loves the outdoors, and enjoys a family-friendly atmosphere. There are dedicated areas for children and families, but it's also popular with students and young adults.","The 'challenge' is more about navigating the large site and pacing yourself for four days of activities and potential weather changes than physical exertion. Camping is involved, so be prepared for uneven terrain and potential mud. Walking between stages can involve some uphill climbs, but overall, it's accessible to most fitness levels.","Relaxed, creative, and community-oriented. It's less about wild partying and more about soaking up the atmosphere and discovering something new. Expect a friendly, inclusive vibe with plenty of opportunities for conversation and connection.","Bring good waterproofs and wellies – the Welsh weather is unpredictable, and you'll be doing a lot of walking across fields."
Wakestock,Music/Watersports,July (TBC),Abersoch/Pwllheli,Llŷn Peninsula,https://www.wakestock.co.uk,100-200,15000+,Wakeboarding and music festival,"Wakestock is a unique fusion of wakeboarding competition and live music festival. Expect high-flying aerial tricks on the water during the day, transitioning into electrifying performances from renowned DJs and bands each night. It's a weekend-long party with a distinctly Welsh coastal vibe.","Wakeboarding competitors range from amateur to pro, with dedicated categories. Music fans of all ages are welcome, though the late-night sets cater to an 18-35 crowd. Families might enjoy the daytime events but should be aware of the festival atmosphere later on.","The wakeboarding competition requires existing skill. If you're a beginner, focus on watching and enjoying the spectacle. The 'challenge' for most attendees is managing the pace of a multi-day festival with potentially late nights and early starts.","Party atmosphere amplified. The days are exciting with the wakeboarding, but the evenings and nights are all about the music, dancing, and socializing. Expect a lively and energetic crowd.","Book accommodations well in advance, as Abersoch and Pwllheli fill up quickly during Wakestock. Also, pack for all types of weather – it is Wales, after all!"
Snowdonia Walking Festival,Walking,October (TBC),Betws-y-Coed,Snowdonia,https://www.snowdonia.gov.wales,Free-20,500+,"Guided walks, all abilities","Explore the stunning trails of Snowdonia National Park on foot! This festival offers a range of guided walks, from gentle valley strolls to challenging ascents of Snowdon itself, all led by experienced local guides. It's a chance to discover hidden gems, learn about the area's history and ecology, and connect with fellow walkers in a friendly and supportive environment.","Walkers of all abilities are welcome, from complete beginners to experienced hikers. There are walks specifically designed for families with young children, as well as more challenging options for those seeking a physical test.","Walks range from easy (suitable for anyone with reasonable fitness) to strenuous (requiring a good level of fitness and experience of hill walking). Be honest with yourself about your capabilities when choosing a walk; Snowdonia can be unforgiving, even in good weather. Check the elevation gain and distance carefully before booking.","The atmosphere is social and relaxed, with an emphasis on enjoyment and appreciation of the natural surroundings. While some may be keen to push their personal limits, the focus is on camaraderie and shared experiences, not competition. Expect friendly banter and plenty of opportunities to chat with fellow walkers.","Snowdonia weather is notoriously unpredictable. Pack for all eventualities, even if the forecast looks promising. Waterproofs, sturdy walking boots, and layers are essential."
Pembrokeshire Coast Path Festival,Walking,May (TBC),Various,Pembrokeshire,https://www.pembrokeshirecoast.org.uk,Free-25,1000+,Celebrates coast path,"A week-long celebration of walking the stunning Pembrokeshire Coast Path. Choose from guided walks, navigation workshops, and talks on local history and wildlife. It's a chance to explore the diverse landscapes, connect with fellow walkers, and enjoy the beauty of the Welsh coastline.","All levels of walkers are welcome, from complete beginners to seasoned hikers. Families with older children (10+) who are used to walking can find suitable options. There are walks geared towards specific interests such as birdwatching or photography.","The difficulty varies significantly depending on the specific walk you choose. Options range from easy, mostly flat coastal strolls of a few miles to challenging hikes with steep climbs and uneven terrain covering 10+ miles. Be sure to carefully review the description of each walk before registering.",The atmosphere is relaxed and friendly. It's less about racing and more about enjoying the outdoors and learning about the area. Expect a social and supportive environment with opportunities to meet new people.,"Book accommodation well in advance, as Pembrokeshire is a popular destination, especially during peak season. Consider staying in multiple locations to reduce travel time to different walk starting points."
Wales Coast Path Festival,Walking,June (TBC),Various,Wales,https://www.walescoastpath.gov.uk,Free-30,2000+,Events along entire coast path,"The Wales Coast Path Festival is a multi-day celebration of walking the stunning Welsh coastline. It's not a race, but rather a series of guided and self-guided walks of varying lengths and difficulties, designed to showcase the natural beauty and local culture of Wales. Expect breathtaking views, charming villages, and a chance to connect with fellow walkers.","Anyone who enjoys walking! There are options suitable for families with children, casual walkers, and those looking for a more strenuous hike. No specialist equipment is needed beyond good walking shoes and appropriate clothing.","The difficulty varies greatly depending on the chosen walk. Some are short, flat strolls suitable for beginners and families. Others involve significant elevation gain, uneven terrain, and longer distances, requiring a reasonable level of fitness. Pay close attention to the details of each individual walk before signing up.","The atmosphere is relaxed and friendly. It's more about enjoying the scenery and company than pushing yourself to the limit. Expect a supportive and encouraging environment, with opportunities to learn about the local history, flora, and fauna.","Book your accommodation well in advance, especially if traveling during peak season. The Wales Coast Path passes through many small villages with limited lodging options."
World Bog Snorkelling Championships,Novelty,August (TBC),Llanwrtyd Wells,Mid Wales,https://www.green-events.co.uk,20-40,200+,Unique bog snorkelling race,"Plunge into a murky peat bog and snorkel two lengths of a water-filled trench cut through it. It's less about speed and more about embracing the absurdity and the sheer griminess of it all, all while raising money for charity.","Anyone with a snorkel, flippers, and a sense of humor! No athletic prowess required, though a tolerance for cold, dirty water is a must. Families and groups of friends often compete together.","Low impact but surprisingly strenuous. The cold water and restricted breathing make it harder than it looks. The trench is relatively short, but expect to swallow some bog water and struggle with visibility.","Party atmosphere! It's a celebration of silliness and a uniquely Welsh experience. Expect costumes, cheering crowds, and a general feeling of lighthearted madness.","Practice using your snorkel and mask beforehand, especially if you're not a regular swimmer. Keeping water out of your face can make a big difference to your enjoyment!"
Man vs Horse Marathon,Running/Cycling,June (TBC),Llanwrtyd Wells,Mid Wales,https://www.green-events.co.uk,30-50,500+,Runners vs horses over 22 miles,"The Man vs Horse Marathon is a quirky and legendary race in Wales where runners compete against riders on horseback over a challenging cross-country course. It's a celebration of human endurance and horsemanship with a healthy dose of Welsh eccentricity. Be prepared for mud, sweat, and maybe even a win for Team Human (it's happened a few times!).","Experienced trail runners and cyclists with a good level of fitness and a sense of adventure. While beginners are welcome, the challenging terrain and distance make it unsuitable for complete novices. Horse riders must have experience riding in similar terrain.","This is a tough event, no question. The course is primarily off-road, with significant elevation gain, river crossings, and unpredictable terrain. Expect mud, steep climbs, and potentially challenging weather conditions. Proper trail running shoes are essential.","The atmosphere is more fun and supportive than fiercely competitive. There's a real camaraderie among participants, both human and equine. Expect a lively post-race celebration with plenty of local beer and traditional Welsh music.","Bring gaiters! Seriously, the mud is legendary. Also, practice running or cycling in similar off-road conditions before the event to avoid unpleasant surprises."
Welsh One Day Hill Climb,Cycling,October (TBC),Various,Wales,https://www.cycling.wales,25-40,200+,Uphill cycling time trial,"The Welsh One Day Hill Climb isn't just one climb; it's a series of lung-busting ascents scattered across the Welsh countryside, tackled in a single day. Expect steep gradients, unpredictable weather, and a true test of your climbing legs, all wrapped in the stunning scenery of Wales. It's a proper old-school cycling challenge.","Experienced cyclists with strong climbing ability and a good level of fitness. While not strictly 'elite', you'll want to be comfortable tackling sustained climbs at challenging gradients. Not recommended for beginners or casual cyclists unless you're specifically looking for a serious wake-up call.","Very Hard. This isn't a sportive; it's a hardcore hill climb event. Expect significant elevation gain over the course of the day, with individual climbs that will push you to your absolute limit. Proper training is essential, and be prepared to suffer!","Serious but supportive. While there's a competitive element for those chasing times, the overall vibe is one of camaraderie and mutual respect for the challenge. Expect encouragement from fellow riders and marshals, but don't expect a party atmosphere.","Pack for all types of weather. Wales is notorious for its unpredictable conditions, so be prepared for rain, wind, and sunshine, potentially all in the same day. Layers are your friend!"
