Location Name,Region,GPS Coordinates,Activities Available,Parking Info,Facilities,Access Notes,Best Time to Visit,Crowd Level,description,best_for,facilities,local_tip
Penrhyn Quarry,Snowdonia,"53.1775, -4.0856","Zip Lining, Quarry Karts, Adventure",Free on-site parking,"Cafe, toilets, shop",Paid activity - booking required,Mar-Oct,Busy weekends,"Snowdonia is the adventure capital of Wales, offering everything from adrenaline-pumping zip lines and underground trampolines to classic mountain hikes and challenging climbs. Expect a mix of buzzing tourist hotspots and quieter, more secluded trails depending on where you go. It's a fantastic region if you want to pack a lot of adventure into one trip.","Thrill-seekers, active families, and experienced hikers looking for a diverse range of activities. Not recommended for those seeking a quiet, off-the-beaten-path experience during peak season.","Facilities vary greatly depending on the specific location within Snowdonia. Expect ample parking and visitor centers at major attractions like Zip World and Snowdon Mountain Railway. Smaller trailheads may have limited or no facilities. Plenty of cafes, pubs, and accommodation options are available throughout the region.","Pre-booking activities, especially during peak season, is essential to avoid disappointment. Consider visiting in the shoulder seasons (spring or autumn) for fewer crowds and pleasant weather for hiking."
Llanberis Path,Snowdonia,"53.1190, -4.1310","Hiking, Walking, Mountain Railway",Pay & display £6-18,"Cafe, toilets, visitor centre","Free to walk, train extra",Apr-Oct,Very busy,"Snowdonia is the adventure capital of Wales, and for good reason. This region offers everything from adrenaline-pumping zip lines to challenging mountain ascents, catering to a wide range of thrill-seekers, however expect it to be busy, especially during peak season. Base yourself here for a long weekend to explore the many activities on offer.","Thrill-seeking families with older children, experienced hikers looking to summit Snowdon or tackle Crib Goch, mountain bikers of all skill levels, and anyone wanting a taste of adventure in a concentrated area.","Parking is available at most activity locations (often pay-and-display), and larger centres like Zip World sites have cafes, toilets, and shops. Smaller trailheads may have limited facilities, so plan accordingly.","Book activities well in advance, especially during school holidays, to avoid disappointment. Also, check the weather forecast before attempting Snowdon or Crib Goch, as conditions can change rapidly."
Pen-y-Pass,Snowdonia,"53.0800, -4.0200","Hiking (Pyg Track, Miners Track, Crib Goch)",Pay & display £10-15,"Cafe, toilets, YHA hostel",Car park fills early,Apr-Oct,Very busy,"Snowdonia is the adventure capital of Wales, offering everything from adrenaline-pumping zip lines and underground trampolines to challenging hikes and world-class mountain biking. Expect a mix of buzzing tourist attractions and quieter, more rugged areas depending on where you go, but the common thread is incredible scenery and outdoor thrills. It's worth the trip if you're looking to test your limits and experience a wide range of activities.","Thrill-seekers, families with adventurous teens, experienced hikers and mountain bikers looking for challenging terrain, and anyone wanting a concentrated dose of outdoor activities.","Facilities vary greatly depending on the specific location within Snowdonia. Zip World locations have parking, cafes, toilets, and gear rental. Popular trailheads like Pen y Fan also have parking and sometimes food vendors. More remote areas have minimal facilities. Expect to pay for parking at the main attractions.","Book activities, especially Zip World attractions, well in advance, particularly during peak season. For quieter hikes, explore routes away from Snowdon itself, such as the Glyderau range or the Carneddau. Check weather conditions before you go, especially if you're planning on hiking at higher elevations."
Coed y Brenin Visitor Centre,Snowdonia,"52.8220, -3.8690","Mountain Biking, Walking, Trail Running",Pay & display £2-7,"Cafe, bike shop, showers, toilets, play area","Free to ride, parking charge",Year-round,Moderate,"Snowdonia is the adventure capital of Wales. This region offers a mix of adrenaline-pumping activities and challenging outdoor experiences, from the world's fastest zip line to demanding mountain hikes. Expect crowds, especially in peak season, but the variety of adventures makes it worth planning ahead.","Thrill-seekers, experienced hikers, and families with older children looking for active adventures. Mountain bikers of all skill levels will find trails to enjoy.","Each activity location (Zip World, Antur Stiniog, etc.) has its own parking (often paid), toilets, and cafe facilities. Snowdon has a visitor centre with basic facilities at the summit, accessible via train or hiking.","Book activities and parking well in advance, especially for Zip World and Antur Stiniog. If hiking Snowdon, check the weather forecast and consider less popular routes like the Watkin Path to avoid the worst of the crowds."
Blaenau Ffestiniog (Antur Stiniog),Snowdonia,"52.9940, -3.9380",Downhill Mountain Biking,Free on-site parking,"Cafe, bike hire, bike shop, showers",Uplift pass required,Year-round,Moderate,"Snowdonia is the adventure capital of Wales, offering everything from adrenaline-pumping zip lines and underground trampolines to challenging hikes up Snowdon and Crib Goch. Expect crowds, especially in peak season, but the sheer variety of activities crammed into this mountainous region makes it a must-visit for thrill-seekers and outdoor enthusiasts.","Families with adventurous teenagers, groups of friends looking for action-packed weekends, experienced hikers seeking challenging climbs, and mountain bikers of all skill levels.","Extensive parking is available at most major attractions (charges apply). Zip World sites and Antur Stiniog have cafes, toilets, and equipment hire. Smaller trailheads may have limited or no facilities.","Book activities, especially Velocity 2 and Bounce Below, well in advance to avoid disappointment. For a quieter Snowdon experience, try the Watkin Path or the Rhyd Ddu path, but be prepared for a longer hike."
Zip World Llechwedd,Snowdonia,"52.9960, -3.9400","Bounce Below, Underground Tour, Zip Lines",Free parking,"Cafe, shop, toilets",Paid activity - booking required,Year-round,Moderate,"Snowdonia is the adventure capital of Wales, and for good reason. This region packs a punch, from adrenaline-pumping zip lines and underground trampolines to challenging mountain hikes and world-class mountain biking. Expect crowds, especially during peak season, but the sheer variety of activities makes it a worthy destination.","Thrill-seekers, families with older children/teens, experienced hikers and mountain bikers. People who want a mix of adrenaline and stunning scenery.","Large car parks are available at most activity hubs (expect to pay). Zip World sites have cafes, toilets, and shops. Llanberis and Betws-y-Coed offer a full range of amenities.","Book activities, especially Zip World, well in advance to avoid disappointment. For Snowdon, consider the less popular routes (e.g., the Watkin Path) for a quieter experience, but be prepared for a longer and more challenging hike."
Bala - White Water Centre,Snowdonia,"52.9110, -3.6010","White Water Rafting, Kayaking",Free parking,"Cafe, changing rooms, equipment hire",Paid activity - booking required,Mar-Oct,Moderate,"Snowdonia is the adventure capital of Wales, offering everything from adrenaline-pumping zip lines and underground trampolines to challenging mountain hikes and world-class mountain biking. Expect a mix of buzzing adventure parks and quiet, rugged trails – you can find both intense thrills and peaceful escapes here. Come prepared for crowds at popular attractions, but the vastness of the park means solitude is always within reach.","Thrill-seekers, experienced hikers, mountain bikers of all levels, and families looking for a memorable adventure. Not ideal for those seeking a quiet, relaxed getaway, unless you venture off the beaten path.","Facilities vary widely depending on the specific location. Zip World sites offer ample parking, cafes, and toilet facilities. Snowdon's main trails have parking at Pen y Pass and Llanberis (fees apply) with limited toilets. More remote trailheads offer minimal or no facilities. Betws-y-Coed and Llanberis are good hubs for supplies and information.","Book activities, especially at Zip World, well in advance, particularly during peak season. For a quieter Snowdon experience, try the Rhyd Ddu path or the Watkin Path and start very early."
Capel Curig (Plas y Brenin),Snowdonia,"53.0960, -3.9100","Rock Climbing, Kayaking, Mountaineering, Hill Walking",Free parking for guests,"Accommodation, restaurant, bar, equipment",Course booking required,Year-round,Low-Moderate,"Snowdonia is the adventure capital of Wales, offering everything from adrenaline-pumping zip lines and underground trampolines to challenging mountain hikes and world-class mountain biking. Expect crowds during peak season, but don't let that deter you; the sheer range of activities and breathtaking scenery make it a worthwhile destination. Whether you're seeking a gentle stroll or a serious adrenaline rush, Snowdonia has something for everyone.","Thrill-seekers, experienced hikers, mountain bikers of all levels, and families looking for a mix of accessible activities and challenging adventures. Serious hikers aiming for Crib Goch or Snowdon summit should be experienced and well-prepared.","Facilities vary depending on the specific location within Snowdonia. Expect to find ample parking and visitor centres at popular spots like Zip World and Snowdon's base. Cafes and toilet facilities are common at the larger activity centres and trailheads. Smaller, more remote locations may have limited or no facilities.","Book activities, especially Zip World and Antur Stiniog, well in advance, particularly during school holidays. For a quieter Snowdon experience, consider hiking routes other than the Llanberis Path or visiting during the off-season."
Llandegla Forest,Snowdonia/Mid Wales,"53.0560, -3.1910","Mountain Biking, Walking",Pay & display £4.50,"Cafe, bike shop, bike hire","Free to ride, parking charge",Year-round,Moderate,"Snowdonia is the adventure capital of Wales, packed with activities from adrenaline-pumping zip lines to challenging mountain hikes. Expect crowds, especially during peak season, but the sheer range of outdoor options makes it a worthwhile destination for thrill-seekers and nature lovers alike. Base yourself here for a long weekend and pack it full of adventures.","Adventurous families with older children, thrill-seeking couples, experienced hikers and climbers, mountain bikers of all levels (from beginners to advanced downhillers).","Varies greatly depending on the specific activity location. Zip World sites have parking, cafes, and toilets. Snowdon has a visitor centre at the summit (accessible by train), but limited facilities on the trails. Antur Stiniog has uplift service, bike rental and cafe. Expect to pay for parking at most locations.","Book activities well in advance, especially during school holidays. For a less crowded Snowdon experience, try the quieter Rhyd Ddu or Watkin Path routes. Consider bringing cash for smaller parking areas or independent cafes."
Betws-y-Coed,Snowdonia,"53.0920, -3.8000","Walking, Zip Lines, Forest Adventures",Village parking,"Shops, cafes, pubs, accommodation",Free to explore,Year-round,Busy,"Snowdonia is the adventure capital of Wales, offering everything from adrenaline-pumping zip lines and underground trampolines to challenging mountain climbs and exhilarating mountain bike trails. Expect a mix of bustling tourist hotspots around the main attractions and quieter, more secluded spots if you venture off the beaten path. Come here to test your limits and experience the raw beauty of North Wales.","Thrill-seekers, experienced hikers looking to summit Snowdon or tackle Crib Goch, mountain bikers of all skill levels, and families looking for unique adventure activities. Not ideal for those seeking solitude or gentle strolls.","Vary greatly depending on the specific location. Zip World sites have ample parking, cafes, and toilet facilities. Snowdon has a visitor centre at the summit (accessible by train), but limited facilities on the various hiking trails. Antur Stiniog has uplift services, bike rentals, and a cafe. More remote areas will have limited or no facilities.","Book Zip World activities and accommodation well in advance, especially during peak season. For a less crowded Snowdon experience, consider hiking up one of the quieter routes like the Watkin Path or the Rhyd Ddu Path, and start early."
St Davids,Pembrokeshire,"51.8810, -5.2660","Coasteering, Sea Kayaking, Surfing, Climbing",Village parking,"Shops, cafes, pubs, TYF base",Activity booking required,Mar-Oct,Moderate-Busy,"North Wales is an adventure playground, plain and simple. This isn't a specific location but rather a cluster of top-tier adventure activities mostly centered around Snowdonia, offering everything from adrenaline-pumping zip lines to challenging mountain hikes. Expect a mix of tourist hotspots and more secluded trails, depending on your chosen activity.","Thrill-seekers, experienced hikers looking to summit Snowdon or tackle Crib Goch, mountain bikers of all levels, and families with older children seeking active adventures. Not ideal for those seeking quiet, isolated nature experiences.","Facilities vary greatly depending on the specific activity. Zip World locations have parking, cafes, and toilets. Snowdon has limited facilities at the summit (cafe and toilets during peak season), and parking can be extremely crowded. Antur Stiniog has uplift services and a cafe.","Book activities, especially Zip World attractions, well in advance, particularly during peak season. For Snowdon, arrive before sunrise to secure parking and avoid the worst of the crowds on popular routes like the Pyg or Miners' Track."
Whitesands Beach,Pembrokeshire,"51.8920, -5.3030","Surfing, Swimming",Pay & display,"Lifeguard (summer), toilets, cafe",Free access,Year-round,Very busy (summer),"This isn't a single location, but a hub for adventure across North Wales. Think of it as a launchpad: you'll find several major attractions clustered in this region, catering to adrenaline junkies and outdoor enthusiasts. It's a popular area, so expect crowds, especially during peak season.","Thrill-seeking families with older children and teens, groups of friends looking for an action-packed weekend, and experienced hikers aiming to tackle Snowdon or Crib Goch. Less ideal for those seeking peaceful solitude or gentle nature walks.","Each individual attraction (Zip World, Antur Stiniog, etc.) will have its own parking, toilet facilities, and usually a cafe. Parking can fill up quickly, especially at Snowdon's trailheads. Public transport options are limited; a car is highly recommended.","Book your Zip World activities, Bounce Below slots, and downhill mountain biking passes well in advance, especially if you're visiting during school holidays. Snowdon's summit can be very crowded; consider an early morning or late afternoon hike to avoid the worst of it."
Newgale Beach,Pembrokeshire,"51.8580, -5.1200","Surfing, Kitesurfing",Beach parking,"Toilets, cafe, pub",Free access,Year-round,Moderate,"North Wales is the undisputed adventure capital of Wales, offering a huge range of exhilarating activities, from the world's fastest zip line to underground trampolines. Expect a buzz and potentially long queues at the big attractions, but also wild and quiet spaces if you're prepared to hike or bike a little further.","Thrill-seekers, families with adventurous teenagers, and anyone looking for an adrenaline-fueled day trip. Serious hikers and climbers will find plenty to challenge them, but should be aware that some popular routes can get very crowded, especially during peak season.","Facilities vary greatly depending on the specific location. Zip World sites have ample parking, cafes, and toilet facilities. Snowdon has a visitor centre at the summit (accessible by train). Smaller trailheads and climbing areas may have limited or no facilities.","Book your Zip World activities well in advance, especially during school holidays. For a quieter Snowdon experience, try the Watkin Path or Ranger Path instead of the Llanberis Path."
Abereiddy Blue Lagoon,Pembrokeshire,"51.9310, -5.2030","Coasteering, Cliff Jumping",Car park,Toilets (seasonal),"Free access, activity operators on site",Mar-Oct,Moderate,"Pembrokeshire boasts a stunning coastline renowned for its dramatic cliffs, sandy beaches, and abundant wildlife. This region offers a mix of popular tourist spots and secluded coves, perfect for those seeking both adventure and tranquility. It's a haven for watersports enthusiasts and coastal hikers alike.","Families looking for beach holidays, couples seeking romantic coastal walks, and watersports enthusiasts of all levels, from beginner kayakers to experienced surfers. Also suitable for wildlife lovers hoping to spot seals, dolphins, and seabirds.","Expect to find ample parking in larger towns and at popular beaches, though smaller coves may have limited or no parking. Many beaches have toilet facilities and seasonal cafes. Coastal path access is generally good, but some sections can be challenging.","Visit during the shoulder seasons (spring or autumn) for fewer crowds and pleasant weather. Check tide times before planning coastal walks or kayaking trips, as some areas are inaccessible at high tide."
Stackpole Quay,Pembrokeshire,"51.6160, -4.8910","Coasteering, Kayaking, Paddle Boarding",National Trust car park,"Cafe, toilets, National Trust shop","Free to explore, activities extra",Mar-Oct,Moderate,"North Wales is the adventure capital of Wales, jam-packed with adrenaline activities and mountain trails. This region is home to Zip World, Bounce Below, and Snowdonia National Park, offering everything from high-speed thrills to challenging hikes. Expect popular spots to be busy, especially during peak season, but the sheer variety of activities means there's something for everyone.","Thrill-seekers, families with adventurous teens, experienced hikers looking to summit Snowdon, and mountain bikers of all skill levels.","Facilities vary depending on the specific activity location. Zip World sites offer parking, cafes, and restrooms. Snowdonia National Park has visitor centers and trailheads with limited facilities. Antur Stiniog has uplift services and bike rentals.","Book Zip World and Bounce Below activities well in advance, especially during school holidays. For a less crowded Snowdon experience, consider the Watkin Path or Rhyd Ddu Path, and start early in the morning."
Barafundle Bay,Pembrokeshire,"51.6250, -4.9010","Swimming, Walking, Paddle Boarding",National Trust car park at Stackpole,Toilets at Stackpole,Walk access only (20 min),Year-round,Moderate,"North Wales is an adrenaline junkie's playground. This region is packed with adventure activities, from hurtling down zip lines and bouncing in underground caverns to tackling Snowdon's peak and kayaking along the coast. Expect crowds, especially during peak season, as this is a popular destination for both tourists and locals seeking thrills.","Thrill-seeking families, groups of friends looking for an action-packed weekend, and outdoor enthusiasts with a decent fitness level. Not ideal for those seeking peace and solitude.","Facilities vary depending on the specific activity location. Zip World sites generally have ample parking, cafes, and toilet facilities. Snowdon has a visitor centre at the summit (via train), and Pen y Fan has a parking lot and food truck. Mountain biking trails often have parking and sometimes bike shops. Check specific activity websites for details.","Book activities well in advance, especially during school holidays and weekends, to avoid disappointment. Consider visiting during the shoulder seasons (spring or autumn) for fewer crowds and pleasant weather."
Tenby,Pembrokeshire,"51.6720, -4.7010","Coasteering, Sea Kayaking, Beach Activities",Town parking,Full town facilities,Activity booking required,Mar-Oct,Very busy (summer),"North Wales is the adventure capital of Wales, crammed with more adrenaline activities than you can shake a stick at. This isn't a single location, but a region offering everything from underground trampolines to the UK's fastest zip line and challenging mountain biking. Come here for pure, unadulterated outdoor thrills.","Thrill-seekers, active families with older children, and anyone looking for a jam-packed adventure holiday. Serious hikers targeting Snowdon will also find this a useful base, as will experienced mountain bikers looking for challenging trails.","Facilities vary greatly depending on the specific activity location. Expect to find parking, toilets, and cafes at larger attractions like Zip World and Antur Stiniog. Smaller trailheads may have limited or no facilities.","Book activities well in advance, especially during peak season. Consider purchasing a 'combo ticket' if available, as this can save you money if you plan to do multiple activities at the same location."
Freshwater West,Pembrokeshire,"51.6580, -5.0480","Surfing, Beach Walking",Beach car park,"Toilets (seasonal), cafe",Free access,Year-round,Moderate,"North Wales is the adventure capital of Wales, offering a concentrated hit of adrenaline activities. This isn't a single location, but rather a region packed with opportunities for thrill-seekers, from zip lines and underground trampolines to challenging hikes and mountain biking trails. Expect popular spots, especially during peak season, but the sheer variety means you can usually find something to suit your taste and ability.","Adrenaline junkies, active families with older children (8+), experienced hikers and mountain bikers seeking a challenge, and anyone looking for a high-octane day trip. Crib Goch is strictly for experienced scramblers only.","Facilities vary greatly depending on the specific activity location. Zip World sites typically have parking, cafes, toilets, and gear rental. Snowdon has a visitor centre at the summit (accessible by train). Smaller hiking trails might have limited or no facilities at the trailhead. Antur Stiniog has uplift services for downhill mountain biking.","Book activities in advance, especially during school holidays and weekends. For a less crowded Snowdon experience, consider hiking up during the week or using one of the less popular routes like the Watkin Path or the Rhyd Ddu Path."
Ramsey Island,Pembrokeshire,"51.8620, -5.3290",Wildlife Boat Tours,St Justinian car park,Toilets at St Justinian,Boat tour booking required,Mar-Oct,Moderate,"North Wales is the adventure capital of Wales, hands down. This isn't a single location but a region PACKED with adrenaline activities, from the iconic Velocity 2 zip line to underground trampolines and challenging mountain biking trails. Expect tourist crowds, especially around Snowdon and Zip World locations, but the sheer variety of activities makes it worthwhile for adventure seekers.","Thrill-seekers, families with adventurous older kids (10+), mountain bikers of all skill levels, and anyone looking for a jam-packed activity holiday.","Facilities vary greatly depending on the specific activity location. Zip World sites have parking, cafes, and toilets. Snowdon has a visitor centre at the summit (accessible by train). More remote areas, like Crib Goch, offer no facilities at all.","Book your Zip World activities well in advance, especially during peak season. For a quieter Snowdon experience, try the Miners' Track or Watkin Path instead of the Llanberis Path, and go early in the morning."
Porthclais (TYF),Pembrokeshire,"51.8700, -5.2800","Coasteering, Kayaking, Camping",Harbour parking,"TYF base, campsite, cafe",Activity booking required,Mar-Oct,Low-Moderate,"North Wales is the undisputed adventure capital of Wales, and for good reason. This region crams in more adrenaline activities per square mile than anywhere else in the country. It's a well-trodden tourist area, especially around Snowdonia, but the sheer range of unique experiences make it worth battling the crowds.","Thrill-seekers, families with adventurous teens, and anyone looking for a jam-packed adventure holiday. Serious hikers aiming to summit Snowdon should be prepared for busy trails, especially during peak season.","Facilities vary greatly depending on the specific activity. Zip World locations have parking, cafes, and toilets. Snowdon has a visitor centre at the summit (accessible by train), but be prepared for limited facilities on the mountain itself. Smaller trailheads often have limited or no facilities.","Book your adventure activities (especially Zip World and Antur Stiniog) well in advance, particularly during school holidays. If you're hiking Snowdon, consider the less popular routes like the Watkin Path for a quieter experience."
BikePark Wales,Brecon Beacons,"51.7250, -3.3700","Mountain Biking, Coaching",Free parking,"Cafe, bike shop, bike hire, showers",Pass required (£8-32.50),Year-round,Moderate-Busy,"This isn't a single location, but a hub for adventure in North Wales, centred around Snowdonia National Park. Expect a mix of adrenaline-pumping attractions like zip lines and underground trampolines alongside serious mountain challenges. It's a popular area, especially in peak season, so pre-booking is essential for most activities.","Thrill-seekers and active families with older children who want a guaranteed adrenaline rush. Serious hikers looking to summit Snowdon or tackle Crib Goch will also find this a useful base, though be prepared for crowds, especially on popular routes.","Facilities vary greatly depending on the specific activity location. Zip World sites have parking, cafes, and toilets. Snowdon and other mountain routes have limited facilities at the trailheads – check in advance. The town of Llanberis at the foot of Snowdon offers a range of shops, cafes, and parking.","Don't underestimate Snowdon. Even the 'easiest' Llanberis Path is a strenuous hike. Check the weather forecast, wear appropriate footwear, and bring plenty of water and snacks. Consider quieter routes like the Watkin Path for a more solitary experience."
Waterfall Country (Ystradfellte),Brecon Beacons,"51.8080, -3.5600","Gorge Walking, Canyoning, Walking",Pay & display,"Toilets, cafe (seasonal)","Free access, guided trips extra",Mar-Oct,Moderate,"This isn't a single location, but rather a curated list of adrenaline-pumping activities clustered around Snowdonia National Park. Expect a mix of purpose-built adventure parks and rugged natural landscapes, catering to thrill-seekers and outdoor enthusiasts. It's a busier tourist area, especially during peak season, but the experiences are unique and worth the crowds if you're seeking an active holiday.","Adventurous families with older children, groups of friends looking for exciting experiences, and experienced hikers/mountain bikers seeking challenging terrain. Those new to outdoor activities might consider guided options or taster sessions.","Facilities vary greatly depending on the specific activity. Zip World locations have parking, cafes, and toilets. Snowdon offers limited facilities at the summit (cafe, toilets). Check the specific location's website for details. Parking can be challenging, especially near popular trailheads - arrive early.","Book activities, especially Zip World and Antur Stiniog, well in advance, particularly during school holidays. For Snowdon, check the weather forecast meticulously and be prepared for rapid changes. Consider the Snowdon Ranger Path for a less crowded, but still challenging, ascent."
Llangorse Lake,Brecon Beacons,"51.9230, -3.2600","Paddle Boarding, Canoeing, Sailing",Lake car park,"Cafe, water sports centre",Equipment hire available,Apr-Oct,Moderate,"This isn't one single location, but rather a summary of the adventure activities clustered in and around the Snowdonia National Park. Expect a mix of adrenaline-pumping tourist attractions like zip lines alongside serious mountain challenges. Come here for a concentrated dose of Welsh adventure, but be prepared to share the experience with other visitors.","Thrill-seeking families, groups of friends looking for a varied activity holiday, and experienced hikers wanting to summit Snowdon or tackle Crib Goch. Not ideal if you're seeking solitude in nature.","Facilities vary widely depending on the specific activity. Zip World locations have parking, cafes, and toilets. Snowdon has a cafe and visitor centre at the summit (via train), but limited facilities on the various hiking trails. Antur Stiniog has uplift services, a cafe, and bike rentals.","Book activities, especially Zip World and Antur Stiniog, well in advance, particularly during peak season. For Snowdon, check weather conditions meticulously before attempting any hike, and be prepared for sudden changes. Consider the less-crowded but equally rewarding Watkin Path for your Snowdon summit."
Black Mountains,Brecon Beacons,"51.9900, -3.1000","Hiking, Mountain Biking, Horse Riding",Various car parks,Limited - remote area,Free access,Year-round,Low,"This entry point to Snowdonia National Park is an adventure activity hub. It's a busy tourist destination, catering to adrenaline junkies and families seeking outdoor thrills. Come here for a concentrated dose of unique activities like underground trampolines and high-speed zip lines alongside classic Welsh mountain adventures.","Families with older children and teenagers, thrill-seekers, and groups looking for a variety of exciting activities in one location. Serious hikers and mountain bikers might find better, less crowded options elsewhere in Snowdonia.","Each activity site (Zip World, Antur Stiniog, etc.) has its own parking and facilities, including cafes and toilets. Expect these to be busy, especially during peak season.","Book activities well in advance, especially during school holidays and weekends. Consider visiting during the shoulder season (spring or autumn) for fewer crowds and milder weather."
Pen y Fan,Brecon Beacons,"51.8830, -3.4370","Hiking, Hill Walking",Storey Arms car park,Limited facilities,"Free access, very popular",Year-round,Very busy,"This entry seems to be a compilation of activities across North Wales, rather than a single location in the Brecon Beacons. It's a mixed bag, featuring adrenaline-pumping zip lines, underground adventures, challenging mountain hikes, and mountain biking trails. Come here if you're looking for a diverse range of outdoor activities, but be prepared to travel between locations.","Thrill-seekers, active families, and groups with varied interests who don't mind driving between activities. Serious hikers targeting Snowdon or Crib Goch, and mountain bikers of intermediate to advanced skill levels will also find something here.","Facilities vary greatly depending on the specific activity location. Zip World sites generally have good parking, cafes, and toilets. Snowdon has a visitor centre at the summit (accessible by train), but limited facilities at the base of many trails. Antur Stiniog has uplift services, bike rentals, cafe and toilets. Other locations may have limited or no facilities.","Book activities well in advance, especially during peak season. Check weather conditions before attempting any mountain hikes or biking trails, and be prepared for sudden changes. For Snowdon, consider the Llanberis Path for a gentler (but longer) ascent."
Llanthony Priory,Brecon Beacons,"51.9440, -3.0360","Walking, Horse Riding",Priory car park,"Pub, basic facilities",Free access,Year-round,Low-Moderate,"This isn't a single location, but a collection of the best adventure activities clustered in and around the Brecon Beacons National Park. Think of it as a sampler platter of Welsh thrills, from underground trampolines to via ferrata and mountain bike trails. Expect a mix of professionally-run adventure parks and wilder, more rugged experiences in the mountains and on the coast.","Thrill-seeking families with older kids and teenagers, groups of friends looking for an action-packed weekend, and anyone wanting to experience a variety of outdoor adventures in one trip. Serious hikers and climbers might find the Snowdon routes overcrowded and prefer more remote areas.","Facilities vary greatly depending on the specific activity. Zip World locations are well-equipped with parking, cafes, toilets, and changing rooms. For hiking and climbing, facilities are limited to parking areas, and sometimes public toilets in nearby villages.","Book your Zip World activities well in advance, especially during peak season. For hiking Snowdon, check the weather forecast and consider taking one of the less popular routes to avoid crowds. Pre-booking parking is often essential."
Taff Trail,Brecon Beacons,Various,"Cycling, Walking",Various,Varies by location,Free access,Year-round,Low-Moderate,"North Wales is adventure central, plain and simple. This region crams in everything from adrenaline-pumping zip lines and underground trampolines to classic mountain hikes and challenging mountain bike trails. Expect this area to be busy, especially during peak season, as it's a well-known adventure destination.","Thrill-seekers, families with older children looking for exciting activities, and experienced hikers and mountain bikers ready to tackle Snowdonia's challenging terrain.","Each specific attraction (Zip World, Antur Stiniog, etc.) will have its own parking, cafes, toilets, and potentially gear rental. Snowdon has a train to the summit as well as a cafe and toilets at the top, but these can be extremely busy.","Book activities well in advance, especially during school holidays. Consider visiting during the shoulder seasons (spring or autumn) for fewer crowds and better weather."
Three Cocks (Black Mountain Adventure),Brecon Beacons,"52.0400, -3.1800",Multi-activities,On-site parking,Activity centre facilities,Booking required,Year-round,Low,"This area of North Wales is an adventure activity mecca, dominated by the looming presence of Snowdon. Expect a buzzing atmosphere, especially during peak season, as thrill-seekers flock to experience everything from zip lines and underground trampolines to challenging mountain trails and world-class mountain biking. If you're after an adrenaline-fueled holiday, this is your spot.","Families with adventurous teenagers, groups of friends looking for activities, and experienced hikers/mountain bikers seeking a challenge.","Each activity location has its own parking and facilities (toilets, cafe, etc.). Expect to pay for parking at most sites. Zip World locations are well-equipped. Llanberis and Betws-y-Coed have a wide range of shops and restaurants.","Book activities well in advance, especially during school holidays. For quieter hiking trails, explore the Glyderau range instead of Snowdon."
Craig y Nos Castle,Brecon Beacons,"51.8280, -3.6800","Caving, Walking",Castle car park,"Cafe, theatre tours","Free to explore, caving extra",Year-round,Low,"This isn't a single location, but a collection of adrenaline-pumping activities clustered in and around Snowdonia National Park. From the iconic Velocity 2 zip line to underground trampolines and challenging mountain bike trails, this area caters to thrill-seekers. Expect a mix of professionally-run adventure centers and wild, rugged terrain.","Adventurous families with older children, groups of friends looking for a high-octane weekend, and experienced hikers/mountain bikers seeking a challenge.","Varies wildly depending on the specific activity. Zip World locations have ample parking, cafes, and toilet facilities. Snowdon and Crib Goch have limited parking and no facilities on the mountain itself. Antur Stiniog has a cafe and uplift service.","Book activities, especially Zip World, well in advance, particularly during peak season. For Snowdon, check the weather forecast meticulously and be prepared for rapidly changing conditions, even in summer."
Rhosneigr Beach,Anglesey,"53.2310, -4.5200","Kitesurfing, Windsurfing, Surfing",Village parking,"Shops, pubs, Funsport/Gecko",Free access,Year-round,Moderate (busy in wind),"This isn't a single location, but a cluster of adrenaline-pumping activities in North Wales, primarily focused around Snowdonia National Park. Expect a mix of purpose-built adventure parks and access to classic mountain challenges. Come here for high-octane thrills and challenging outdoor pursuits; it's a busy tourist area, particularly during peak season.","Thrill-seekers, families with adventurous teenagers, and experienced hikers/mountain bikers looking for a challenge. Those wanting a gentle stroll or secluded nature experience should look elsewhere.","Varies greatly depending on the specific activity. Zip World locations (Velocity 2, Fforest Coaster, Bounce Below) have parking, cafes, toilets, and gear hire. Snowdon has parking at Pen y Pass (fills up early) and Llanberis, with cafes and facilities in the village. Antur Stiniog has uplift services, a cafe, and bike rentals.","Book activities, especially at Zip World and Antur Stiniog, WELL in advance, particularly during school holidays. For Snowdon, check the weather forecast meticulously and be prepared for rapid changes. Consider the Snowdon Ranger or Rhyd Ddu path for slightly quieter ascents than the Llanberis path."
Newborough Beach (Llanddwyn),Anglesey,"53.1360, -4.4100","Kitesurfing, Walking, Wildlife",Pay & display,"Toilets, cafe (seasonal)","Free access, kiting restrictions apply",Year-round,Moderate,"Snowdonia National Park is the adventure capital of Wales, crammed with options from adrenaline-pumping zip lines to challenging mountain climbs. Expect a buzzing atmosphere, especially during peak season, as thrill-seekers and outdoor enthusiasts flock here to experience the rugged terrain and diverse activities. It's a place where you can push your limits and soak in the raw beauty of the Welsh landscape.","Adventure-seeking families with older children and teenagers, groups of friends looking for an action-packed weekend, experienced hikers wanting to summit Snowdon or tackle Crib Goch, and mountain bikers of all skill levels seeking challenging trails.","Parking is available at various locations throughout the park, but can fill up quickly, especially during peak season. Toilets are located at main visitor centres and trailheads. Cafes and pubs can be found in the surrounding villages like Llanberis and Betws-y-Coed. Pre-booking activities like Zip World and guided hikes is essential.","For a quieter Snowdon experience, consider hiking up via the less popular Rhyd Ddu or Snowdon Ranger paths, or visiting during the shoulder seasons (spring or autumn) to avoid the crowds. Check weather conditions before heading out, as they can change rapidly in the mountains."
Plas Menai,Anglesey,"53.1330, -4.2700","Sailing, Powerboating, Sea Kayaking",On-site parking,"Accommodation, restaurant, bar, equipment",Course booking required,Year-round,Low-Moderate,"Anglesey offers a mix of coastal adventures. Think kayaking along rugged cliffs, or exploring hidden coves. The vibe is generally relaxed, with pockets of tourist activity around popular beaches and towns.","Families looking for accessible coastal walks and water sports, or kayakers wanting to explore the island's coastline.","Parking is generally available near popular beaches, but can get crowded in peak season. Small shops and cafes are dotted around the island. Public toilets are available in most towns and some beaches.","Check tide times before planning any coastal activities, as some beaches disappear completely at high tide. For a quieter experience, explore the southwest coast."
Trearddur Bay,Anglesey,"53.2810, -4.6300","Sea Kayaking, Coasteering, Beach",Beach parking,"Shops, pubs, hotels",Free access,Year-round,Moderate,"Snowdonia isn't a specific *location*, but rather a National Park packed with adventure. Expect a mix of buzzing tourist hotspots around main attractions like Snowdon itself and quieter, more secluded trails and crags if you venture further in. It's an ideal base for serious hikers, adrenaline junkies and families looking for an active holiday.","Experienced hikers tackling Snowdon or Crib Goch, thrill-seekers looking for Zip World adventures, and mountain bikers of all levels. Families with older children will find plenty to do, but it's less suited for those with very young kids seeking gentle strolls.","Facilities vary greatly depending on the specific location within Snowdonia. Popular spots like Pen-y-Pass and Llanberis offer parking (which fills up quickly, especially in peak season), toilets, cafes, and visitor information. More remote areas may have limited or no facilities – plan accordingly.","Don't underestimate Snowdonia's weather! Even on a sunny day, conditions can change rapidly. Check the forecast, pack layers, and be prepared for rain and wind, especially if heading up high."
Church Bay,Anglesey,"53.3810, -4.5200","Sea Kayaking, Coasteering",Beach car park,"Cafe, pub",Free access,Mar-Oct,Low,"Snowdonia isn't a single location, but a National Park jam-packed with adventure activities. This is a major tourist hub, especially around Snowdon itself, so expect crowds during peak season. Come here for a concentrated dose of adrenaline and outdoor experiences, from hair-raising zip lines to challenging mountain hikes.","Thrill-seekers, families with older children looking for exciting activities, experienced hikers aiming to summit Snowdon, and mountain bikers of all skill levels.","Facilities vary greatly depending on the specific activity location. Zip World sites have parking, cafes, and toilets. Snowdon has a visitor centre at the summit (accessible by train). Smaller trailheads may have limited or no facilities. Always check before you go.","Book activities, especially Zip World attractions, well in advance, particularly during school holidays. For a quieter Snowdon experience, consider hiking routes other than the Llanberis Path or try visiting during the off-season (but be prepared for challenging weather)."
Red Wharf Bay,Anglesey,"53.3130, -4.2330","Walking, Wildlife",Beach car park,"Pub, hotel",Free access,Year-round,Low,"Honestly, this isn't a single 'location' but a concentration of adventure activities clustered around Snowdonia National Park. It's a choose-your-own-adrenaline-rush hub, ranging from high-speed thrills at Zip World to challenging hikes up Snowdon. Expect crowds, especially during peak season, but also a real buzz of excitement.","Thrill-seekers, families with adventurous teens, and anyone looking for a concentrated dose of outdoor activities. Experienced hikers will appreciate the Snowdon routes, while beginners can find plenty of accessible options. Not ideal if you're seeking solitude or a purely nature-based experience.","Facilities vary wildly depending on the specific activity. Zip World locations have parking (often paid), cafes, and toilets. Snowdon has car parks at the base (fill up quickly!), and basic amenities in Llanberis. Antur Stiniog has a cafe and uplift service for mountain bikers. Check each activity's website for specific details.","Book activities, *especially* Zip World and Antur Stiniog, well in advance. Snowdon's Llanberis Path is the easiest route, but it's still a serious hike – check the weather forecast and be prepared for changeable conditions. Consider using the Snowdon Mountain Railway to get to the top, then hike down."
Cemaes Bay,Anglesey,"53.4120, -4.4500","Sea Kayaking, Beach",Village parking,"Shops, pubs",Free access,Year-round,Low,"This location description covers a range of adventure activities centered around Snowdonia National Park. It's a hub for adrenaline junkies and outdoor enthusiasts, drawing both tourists and locals. Expect it to be busy, especially during peak season, but worth the trip if you're after serious adventure.","Thrill-seekers, experienced hikers, mountain bikers with their own gear, and families looking for unique experiences like underground trampolining. Not suitable for those with mobility issues or a fear of heights.","Each activity location has its own facilities ranging from parking and toilets to cafes and equipment hire. Zip World locations are well-equipped, while trailheads for Snowdon and Crib Goch have limited facilities. Antur Stiniog has uplift services for downhill mountain biking.","Book Zip World activities well in advance, especially for Velocity 2. For Snowdon, check weather conditions meticulously and consider the Llanberis Path for a less challenging, but still rewarding, ascent."
South Stack,Anglesey,"53.3060, -4.7000","Bird Watching, Walking, Climbing",RSPB car park,"RSPB visitor centre, cafe",RSPB membership/discount,Year-round,Moderate,"Anglesey is an island off the northwest coast of Wales, known for its rugged coastline, historic sites, and surprisingly diverse adventure activities. It's generally quieter and less touristy than Snowdonia, offering a more relaxed Welsh experience. Come here for a mix of outdoor pursuits and cultural exploration, with a touch of seaside charm.","Families looking for a less crowded coastal getaway, history buffs interested in ancient sites, and those seeking a slightly less intense alternative to Snowdonia's adrenaline activities. Sea kayakers will find plenty to explore along the coastline.","Expect small car parks at most beaches and historical sites. Larger towns like Beaumaris and Holyhead have more comprehensive facilities including public toilets, cafes, and shops. Mobile phone reception can be patchy in some coastal areas.","Check tide times before planning coastal walks or kayaking trips, as some areas become inaccessible at high tide. Also, the Anglesey Coastal Path offers stunning views, but can be challenging in sections – wear appropriate footwear."
Menai Bridge,Anglesey,"53.2260, -4.1630","RIB Tours, Coasteering",Town parking,"Shops, restaurants, pubs",Activity booking required,Mar-Oct,Moderate,"This isn't a single location, but a hub of adrenaline-pumping activities clustered around Snowdonia National Park. Expect a buzzing atmosphere, especially during peak season, as thrill-seekers flock to conquer mountains and defy gravity. Come here for intense outdoor adventures, though be prepared for crowds and pre-booking is essential.","Adventurous families with older children, groups of friends seeking adrenaline rushes, and experienced hikers/mountain bikers looking for a challenge. Not ideal for those seeking quiet solitude or budget travelers.","Each activity location (Zip World, Antur Stiniog, etc.) has its own parking, toilets, and often a cafe. Be aware that parking can fill up quickly, especially at popular spots like Pen-y-Pass for Snowdon.","If you're planning to hike Snowdon, consider taking the Snowdon Ranger Path or the Llanberis Path for a less crowded experience than the Pyg Track or Miners' Track. Also, check weather conditions meticulously before attempting Crib Goch - it's not for the faint of heart!"
Rhossili Bay,Gower,"51.5690, -4.2870","Surfing, Walking, Hang Gliding",National Trust car park,"Visitor centre, cafe, toilets",Free access,Year-round,Busy (summer),"This isn't a single location, but rather a curated list of adrenaline activities across North Wales. From the hair-raising Velocity 2 zip line to the subterranean trampolines of Bounce Below and challenging hikes up Snowdon, this region is geared towards thrill-seekers. Be prepared for crowds, especially during peak season, as these are popular tourist destinations.","Adventurous individuals and groups seeking high-octane experiences. Experienced hikers looking to summit Snowdon or tackle Crib Goch with a guide. Mountain bikers comfortable with challenging trails, and families with older children ready for a day of adrenaline-fueled fun.","Facilities vary greatly depending on the specific activity and location. Expect to find parking (often paid), toilets, and cafes at the larger Zip World sites and Antur Stiniog. Crib Goch and Snowdon have limited facilities on the mountain itself.","Book your Zip World and Antur Stiniog activities well in advance, especially during weekends and school holidays, to avoid disappointment. For Snowdon, check the weather forecast meticulously and be prepared for rapid changes; even in summer, conditions can be harsh."
Llangennith Beach,Gower,"51.5970, -4.2680",Surfing,Beach car park,"Pub, campsite",Free access,Year-round,Moderate,"This is a collection of adventures based around Snowdonia National Park, offering everything from adrenaline-pumping zip lines and underground trampolines to challenging hikes and mountain bike trails. Expect a buzzing atmosphere, especially during peak season, as thrill-seekers flock to experience the diverse activities on offer. It's a great base for exploring North Wales.","Adventure-seeking families, groups of friends, and individuals looking for a high-octane day out or a multi-day adventure trip. Choose specific activities based on your skill level - from beginner mountain bikers to experienced mountaineers, there's something for everyone.","Each location (Zip World, Antur Stiniog, etc.) has its own facilities, generally including parking (often paid), toilets, cafes, and gear rental. Check the specific activity provider's website for details.","Book activities well in advance, especially during school holidays and weekends. Also, factor in travel time between locations, as Snowdonia's roads can be slow and winding. Consider purchasing a multi-activity package for better value."
Three Cliffs Bay,Gower,"51.5760, -4.1160","Walking, Swimming, Photography",Car park (walk required),Limited facilities,"Free access, walk from car park",Year-round,Moderate,"This isn't a single location, but a collection of North Wales' best adventure activities, clustered around Snowdonia and Blaenau Ffestiniog. Think of it as a pick-and-mix for adrenaline junkies, ranging from underground trampolining to serious mountain hikes. Come here to test your limits and experience some unique thrills.","Thrill-seeking families with older children, groups of friends looking for an action-packed weekend, and experienced hikers seeking a challenging climb up Snowdon or Crib Goch.","Each activity has its own dedicated facilities, ranging from car parks and cafes at Zip World to basic trailhead parking for Snowdon. Check specific activity websites for details.","Book activities, especially Zip World and Bounce Below, well in advance. Snowdon's weather can change rapidly, so check the forecast and be prepared for all conditions, even in summer."
Oxwich Bay,Gower,"51.5580, -4.1650","SUP, Kayaking, Swimming",Beach car park,"Cafe, toilets, watersports hire",Free access,Year-round,Moderate,"This isn't a single location, but a round-up of adventure activities clustered in North Wales. Think of it as a choose-your-own-adventure hub, with everything from adrenaline-pumping zip lines to challenging mountain hikes. Expect a mix of purpose-built adventure parks and natural landscapes, catering to both thrill-seekers and those looking for a more moderate outdoor experience.","Adventurous families with older children/teens, groups of friends looking for an action-packed weekend, and experienced hikers wanting to summit Snowdon or tackle Crib Goch.","Facilities vary greatly depending on the specific activity. Zip World locations and Antur Stiniog have parking, cafes, and toilets. Snowdon has a visitor centre at the summit (accessible by train) and limited facilities at trailheads. Crib Goch is a wild, unmanaged route.","Book activities, especially Zip World and Antur Stiniog, well in advance, particularly during peak season. For Snowdon, check the weather forecast meticulously and be prepared for rapid changes; even in summer, conditions can be harsh."
Port Eynon,Gower,"51.5460, -4.2150","Coasteering, Beach",Village car park,"Pub, shop, toilets",Free access,Year-round,Moderate,"This isn't a single location, but rather a curated list of adventure activities scattered across North Wales. From adrenaline-pumping zip lines and underground trampolines to challenging mountain hikes and thrilling mountain bike trails, this region is a playground for outdoor enthusiasts. Be prepared for crowds, especially during peak season, as these are popular attractions.","Thrill-seekers, experienced hikers and mountain bikers, families with adventurous teenagers, and anyone looking for a high-octane outdoor experience. This is not the place for a quiet, secluded getaway.","Facilities vary greatly depending on the specific activity and location. Zip World locations typically have parking, cafes, and toilet facilities. More remote hiking locations may have limited or no facilities. Check the specific attraction's website for details.","Book your activities well in advance, especially for Zip World and Antur Stiniog, as they often sell out. Consider visiting during the off-season (spring or autumn) to avoid the biggest crowds and potentially snag better deals."
Caswell Bay,Gower,"51.5750, -4.0330","Surfing, Beach",Beach car park,"Cafe, toilets",Free access,Year-round,Moderate,"This isn't a single location, but a curated list of adventure activities clustered in North Wales, particularly Snowdonia. Expect professionally run, sometimes crowded, thrill-seeking experiences rather than untouched wilderness. Come here for adrenaline-pumping activities with solid infrastructure.","Families with adventurous teens, groups of friends looking for a weekend of high-octane activities, and anyone who appreciates well-organized adventure experiences.","Each activity location will vary, but expect ample parking, toilet facilities, cafes or restaurants on-site or nearby, and well-maintained trails/equipment. Zip World locations are particularly well-equipped.","Book well in advance, especially during peak season and school holidays. Activities like Bounce Below and the Fforest Coaster can sell out weeks ahead of time. Also, factor in travel time between locations if you're planning multiple activities in one day - distances in Snowdonia can be deceptive!"
Langland Bay,Gower,"51.5670, -4.0080","Surfing, Beach",Beach car park,"Cafe, toilets, beach huts",Free access,Year-round,Moderate,"This isn't a specific location, but rather a curated list of adventure activities clustered around North Wales. It's a hub for adrenaline junkies and outdoor enthusiasts, ranging from underground trampolining to conquering Snowdon. Come here if you're seeking organised thrills and are willing to travel between sites.","Families with adventurous teenagers, groups of friends looking for a high-octane weekend, and solo travellers comfortable joining guided activities.","Each activity has its own dedicated facilities, including parking, toilets, and often a cafe or shop. Check the specific location's website for details, as they vary considerably.","Book activities well in advance, especially during peak season. Combine several activities into a multi-day adventure to maximise your trip and save on travel time."
Worm's Head,Gower,"51.5620, -4.2900","Walking, Wildlife",Rhossili car park,National Trust facilities,Check tide times - causeway,Year-round,Moderate,"This isn't a single location, but rather a curated list of various adventure activities spread across North Wales. From the adrenaline rush of Velocity 2 and underground trampolines to conquering Snowdon's peak or shredding mountain bike trails, this region is built for thrill-seekers. Expect tourist crowds at the major attractions, but you can find quieter moments exploring the mountains or coastline.",Adventurous individuals and groups seeking organized adrenaline activities and challenging hikes. This is ideal for those with a moderate-to-high fitness level and a desire for structured outdoor experiences. Families with older children and teenagers will also find plenty to enjoy.,"Facilities vary greatly depending on the specific activity location. Expect parking, toilets, and cafes at the major attractions like Zip World and Antur Stiniog. Mountain trails and remote areas will have minimal to no facilities.","Book activities, especially at Zip World, well in advance, particularly during peak season. Consider visiting during the shoulder seasons (spring or autumn) for fewer crowds and potentially better weather."
Pennard Cliffs,Gower,"51.5750, -4.1000","Walking, Golf",Car park,Golf club,Free access,Year-round,Low,"This isn't a single location, but a collection of the best adventure activities in North Wales. From hurtling down zip lines and bouncing in underground caverns to tackling Snowdon's peak and navigating challenging mountain bike trails, this region is a high-octane playground. Expect popular spots buzzing with adrenaline junkies, especially during peak season.","Thrill-seeking families with older children and teenagers, experienced hikers and mountain bikers looking for a challenge, and anyone wanting to push their limits in a beautiful setting.","Facilities vary greatly depending on the specific activity location. Expect parking (often paid), cafes, toilets, and equipment hire at the main adventure parks like Zip World and Antur Stiniog. More remote hiking trails may have limited or no facilities at the trailhead.","Book your activities well in advance, especially for popular attractions like Bounce Below and the Fforest Coaster. Consider visiting during the shoulder season (spring or autumn) for fewer crowds and potentially better weather."
Aberystwyth,Mid Wales,"52.4150, -4.0830","Seafront Walking, Cliff Railway",Town parking,Full town facilities,Free access,Year-round,Moderate,"Mid Wales is adventure central, drawing thrill-seekers with its concentration of adrenaline activities. While the area offers stunning natural landscapes, its main draw is the collection of purpose-built adventure parks and established mountain biking trails. Expect a buzz of activity, especially around Zip World sites and Snowdon.","Families with adventurous teenagers, groups of friends looking for a high-octane weekend, and experienced mountain bikers seeking challenging trails.","Facilities vary greatly depending on the specific location. Zip World sites offer ample parking, cafes, and restrooms. Snowdon has a visitor centre at the summit (accessible by train). More remote trailheads may have limited or no facilities.","Book your Zip World activities well in advance, especially during peak season, to avoid disappointment. For Snowdon, check the weather forecast religiously before setting out, and be prepared for rapid changes."
Borth Beach,Mid Wales,"52.4900, -4.0500","Surfing, Beach",Beach car park,"Shops, pubs, AberAdventures",Free access,Year-round,Low-Moderate,"This isn't one specific location, but rather a cluster of adventure activities concentrated in North Wales, particularly around Snowdonia National Park. Expect a mix of purpose-built adrenaline experiences and rugged natural challenges. Come here for a concentrated dose of outdoor thrills, from high-speed zip lines to challenging mountain ascents.","Thrill-seekers, active families with older children, and experienced hikers/mountain bikers looking for a challenging Welsh adventure. This area is ideal for those who want a varied itinerary with options for different skill levels and interests.","Facilities vary greatly depending on the specific activity. Zip World locations have on-site parking, cafes, and toilets. Snowdon has a visitor centre at the summit (accessible by train). Smaller trailheads may have limited or no facilities, so plan accordingly.","Book your Zip World activities and any guided hikes (especially Crib Goch) well in advance, particularly during peak season (summer and bank holidays). Parking at popular trailheads like Snowdon can fill up early, so arrive before 9am or consider using the Snowdon Mountain Railway to avoid parking hassles."
Ynyslas Beach,Mid Wales,"52.5200, -4.0500","Kitesurfing, Beach",Beach car park,"Toilets, cafe (seasonal)",Free access,Year-round,Low-Moderate,"This isn't a single location, but a cluster of adventure activities spread across Snowdonia and nearby. Think of it as a choose-your-own-adventure hub, with everything from adrenaline-pumping zip lines to challenging mountain hikes. Expect tourist crowds, especially during peak season, but the variety on offer is hard to beat.","Thrill-seekers, families with older children, and active groups looking for a diverse adventure itinerary. Experienced hikers aiming to summit Snowdon or tackle Crib Goch, and mountain bikers of all skill levels will also find something to suit.","Facilities vary depending on the specific activity location. Zip World sites (Velocity 2, Fforest Coaster, Bounce Below) have parking, cafes, toilets, and gear rental. Snowdon has parking at Pen y Pass and Llanberis, plus cafes and toilets in Llanberis. Antur Stiniog has uplift services, a cafe, and bike rental/repair.","Book activities, especially Zip World attractions and Antur Stiniog downhill biking, well in advance to avoid disappointment. Parking at Pen y Pass for Snowdon fills up extremely early, so arrive before dawn or use the park and ride from Llanberis or Nant Peris."
Machynlleth,Mid Wales,"52.5900, -3.8500","Mountain Biking (Dyfi Forest), Centre for Alternative Technology",Town parking,"Shops, pubs, cafes",Free access,Year-round,Low,"Snowdonia National Park is the adventure hub of Wales. Thrill-seekers flock here for the high-adrenaline activities at Zip World, challenging hikes up Snowdon and Crib Goch, and world-class mountain biking trails. Expect crowds during peak season, but the sheer variety of adventures on offer makes it worth braving the bustle.","Adventurous families with older children, experienced hikers and scramblers, mountain bikers of all levels, and anyone seeking a serious adrenaline rush.","Parking is available at various trailheads and activity centers, but can fill up quickly. Zip World locations have cafes and toilets. Public toilets are scattered throughout the park, but not always reliable. Limited shops and restaurants are available in nearby towns.","Book Zip World activities and any guided hikes well in advance, especially during school holidays. Consider visiting in the shoulder seasons (spring or autumn) for fewer crowds and milder weather."
Elan Valley,Mid Wales,"52.2700, -3.5500","Walking, Cycling, Wildlife",Visitor centre parking,"Visitor centre, cafe, toilets",Free access,Year-round,Low-Moderate,"This region of Mid Wales is an adventure playground centred around the town of Blaenau Ffestiniog. Once the heart of the Welsh slate industry, it's now home to repurposed quarries and forests packed with adrenaline activities. Expect a mix of serious outdoor challenges and professionally-run, high-thrill attractions.","Thrill-seekers, families with adventurous teenagers, and mountain bikers looking for challenging trails. Also suitable for hikers wanting to tackle Snowdon or Crib Goch with a guide.","Facilities vary greatly depending on the specific activity location. Zip World sites have parking, cafes, and toilets. Snowdon has a visitor centre at the summit (accessible by train). More remote hiking and biking trails have limited facilities, so plan accordingly.","Book activities, especially at Zip World, well in advance, particularly during peak season. For a quieter Snowdon experience, consider the Watkin Path or Rhyd Ddu Path instead of the Llanberis Path."
Devil's Bridge,Mid Wales,"52.3770, -3.8500","Walking, Waterfalls",Car park,"Pub, visitor attraction",Paid attraction,Year-round,Moderate,"This region is an adventure playground centred around the town of Blaenau Ffestiniog, a former slate mining area transformed into a hub for adrenaline activities. Expect a mix of industrial history and modern thrills, from zip lines to underground trampolines. While popular, the area's vastness means you can usually find a quieter corner to explore.","Thrill-seeking families with older children, groups of friends looking for action-packed weekends, and experienced mountain bikers seeking challenging trails. Serious hikers aiming to summit Snowdon should base themselves here.","Each activity location (Zip World, Antur Stiniog, etc.) has its own parking, cafes, and toilet facilities. Blaenau Ffestiniog town offers a range of shops, restaurants, and accommodation options.","Book activities well in advance, especially during peak season. For a less crowded Snowdon experience, consider the quieter Rhyd Ddu path starting from the west."
Llyn Clywedog,Mid Wales,"52.4700, -3.5800","Walking, Fishing, Wildlife",Limited parking,Limited facilities,Free access,Year-round,Low,"This is the adventure capital of Wales, a concentrated zone of adrenaline activities clustered around the Snowdonia National Park. Expect a buzzing atmosphere, especially during peak season, as people flock here for zip-lining, mountain biking, and hiking some of the UK's most challenging peaks. It's a purpose-built playground for outdoor enthusiasts.","Thrill-seekers, active families with older children, and anyone looking for a high-energy adventure getaway. Experienced hikers tackling Snowdon or Crib Goch will also find this a useful base.","Each specific activity site (Zip World, Antur Stiniog, etc.) has its own parking, toilets, and often a cafe. Parking can be limited, especially at popular trailheads. The nearby towns of Betws-y-Coed and Llanberis have a wide range of shops, restaurants, and accommodation.","Book activities well in advance, especially during school holidays and weekends. Consider visiting in the shoulder seasons (spring or autumn) for fewer crowds and milder weather."
Abersoch,Llŷn Peninsula,"52.8240, -4.5000","Sailing, Watersports, Beach",Village parking,"Shops, pubs, restaurants, watersports centres",Free access,Apr-Oct,Very busy (summer),"This isn't a single location, but rather a collection of highlights around the Snowdonia National Park. Expect a mix of adrenaline-pumping adventure activities and challenging mountain hikes, all set against the stunning backdrop of North Wales. Be prepared for crowds, especially during peak season, as this area is a major tourist draw.","Thrill-seekers, experienced hikers looking to bag Snowdon, families with older children who enjoy outdoor activities, and mountain bikers of all skill levels.","Facilities vary greatly depending on the specific activity. Zip World locations have parking, cafes, and toilets. Snowdon has a visitor centre at the summit (accessible by train), but trails are often remote with no facilities. Antur Stiniog has uplift services, bike hire, a cafe, and toilets.","Book Zip World activities and guided hikes well in advance, especially for summer. For a quieter Snowdon experience, try the Watkin Path or the Rhyd Ddu path. Check weather conditions before heading out, mountain weather can change rapidly."
Porth Neigwl (Hell's Mouth),Llŷn Peninsula,"52.8100, -4.5700",Surfing,Beach car park,Limited facilities,Free access,Year-round,Moderate,"This isn't a single location, but rather a hub for several major adventure activities clustered around Snowdonia National Park. Expect a mix of adrenaline-pumping attractions like zip lines and underground trampolines alongside classic mountain challenges. It's a popular destination, so pre-booking activities is essential, especially during peak season.","Families with older children and teenagers seeking thrilling experiences, groups of friends looking for an action-packed weekend, and individuals wanting to conquer Snowdon or try a new adventure sport with organized tours and readily available equipment.","Each specific activity location (Zip World, Antur Stiniog, etc.) will have its own parking, toilet facilities, and often a cafe or restaurant. Snowdon itself has a visitor centre at the summit (accessible by train if hiking isn't your thing). Public transport in the area is limited, so a car is highly recommended.","Don't underestimate the weather in Snowdonia. Even on a sunny day, conditions can change rapidly, especially on the mountains. Pack layers, waterproofs, and check the forecast before heading out."
Pwllheli,Llŷn Peninsula,"52.8880, -4.4180","Sailing, Watersports",Town parking,Full town facilities,Marina access,Year-round,Moderate,"This isn't a single location, but a hub for easily accessible adventure activities clustered around Snowdonia National Park. Expect a buzz, especially in peak season, as it's a magnet for thrill-seekers and families looking for an adrenaline fix. It's a great base to tick off multiple activities in a short space of time.","Families with adventurous kids, groups of friends looking for a varied activity weekend, and those wanting to experience iconic Welsh adventures without straying too far from facilities.","Each activity location will have its own specific facilities ranging from basic parking to full-blown visitor centres with cafes, shops and toilets. Zip World sites are particularly well-equipped.","Book activities well in advance, especially during school holidays. Consider spreading your visit across weekdays to avoid the worst of the crowds and higher prices."
Nefyn,Llŷn Peninsula,"52.9350, -4.5230","Walking, Beach Golf",Village parking,"Pub, golf club",Free access,Year-round,Low-Moderate,"This isn't a single location, but rather a concentration of adventure activities clustered around Snowdonia National Park. Expect a buzz, especially during peak season, as this area draws thrill-seekers from all over. Come here for high-adrenaline experiences, but be prepared for crowds and the need to book activities in advance.","Adrenaline junkies, families with older children seeking adventure, and anyone looking for a pre-booked, organized outdoor experience. Not ideal for those seeking solitude or a truly wild, unmanaged experience.","Each activity location varies, but generally expect ample parking (often paid), toilet facilities, and cafes or snack bars on-site. Zip World locations are particularly well-equipped. Guided hikes may have limited facilities at the trailhead.","Book your activities well in advance, especially during school holidays. Also, consider visiting during the shoulder seasons (spring or autumn) for fewer crowds and potentially better weather for hiking."
Morfa Nefyn,Llŷn Peninsula,"52.9450, -4.5300","Walking, Beach",Car park,Pub (Ty Coch),Free access,Year-round,Moderate,"This isn't a single location, but rather a concentrated adventure hub in Snowdonia National Park. Think of it as a sampler platter of adrenaline activities, from the famous Velocity 2 zip line to underground trampolines and challenging mountain bike trails. Expect a buzzing, tourist-oriented atmosphere, especially during peak season.","Thrill-seeking families, groups of friends looking for a high-octane day out, and anyone wanting a convenient 'taster' of North Wales' adventure scene. Not ideal for those seeking solitude or a truly wild, off-the-beaten-path experience.","Each specific activity location (Zip World, Antur Stiniog, etc.) has its own parking (usually paid), toilet facilities, and often a cafe or snack bar. Expect these to be busy during peak times. Public transport options are limited; driving is recommended.","Book activities well in advance, especially during school holidays and weekends. Consider visiting during the shoulder season (spring or autumn) for fewer crowds and potentially better weather than you might expect."
Llanbedrog,Llŷn Peninsula,"52.8600, -4.4800","Beach, Art Trail",National Trust car park,"Beach huts, art trail",Free access,Year-round,Low-Moderate,"This isn't a single location, but a hub for adrenaline junkies in North Wales. Think of it as a choose-your-own-adventure menu of high-octane activities, from hurtling down zip lines to bouncing in underground caverns. Expect crowds, especially during peak season, but the sheer variety of experiences makes it a worthwhile stop if you're after a thrill.","Families with older children and teenagers seeking an action-packed day out, groups of friends looking for adventure challenges, and anyone wanting to experience North Wales' more extreme side.","Each activity site typically has its own parking (often paid), toilets, and cafe. Zip World locations are well-equipped with visitor centers and gear rental. Expect to pay extra for photos/videos of your experience.","Book your activities well in advance, especially during school holidays and weekends. Consider a mid-week visit to avoid the worst of the crowds. Allow extra travel time between different activity locations, as they can be spread out."
Aberdaron,Llŷn Peninsula,"52.8050, -4.7100","Walking, Beach, Boat to Bardsey",Village parking,"Shops, pubs, cafe",Free access,Year-round,Low-Moderate,"This isn't a single location, but a concentration of adventure activities in North Wales, primarily around Snowdonia National Park. Think of it as a hub for adrenaline junkies, offering everything from zip lines and underground trampolines to serious mountain hikes. Expect tourist crowds, especially during peak season, drawn by the sheer variety of high-octane experiences.","Thrill-seeking families with older children and teenagers, groups of friends looking for an action-packed weekend, and experienced hikers wanting to tackle Snowdon or Crib Goch. Not ideal for those seeking quiet, solitary nature experiences.","Facilities vary depending on the specific activity location. Zip World sites have parking, cafes, toilets, and gear rental. Snowdon has a visitor center at the summit (via train). Smaller trailheads may have limited or no facilities. Antur Stiniog has uplift services and bike rentals.","Book activities, especially Zip World attractions, well in advance, particularly during school holidays. For Snowdon, check the weather forecast religiously and be prepared for sudden changes, even in summer. Consider the less popular Rhyd Ddu path for a quieter Snowdon ascent."
Whistling Sands (Porthor),Llŷn Peninsula,"52.8350, -4.7200","Beach, Walking",National Trust car park,"Cafe (seasonal), toilets",National Trust - free for members,Year-round,Moderate,"This isn't a single location, but rather a concentrated hub of adventure activities clustered around Snowdonia National Park. Expect a buzzing, tourist-oriented atmosphere, especially during peak season, drawn by the sheer variety of adrenaline-pumping experiences. Come here for high-octane thrills and well-organised, if sometimes crowded, outdoor adventures.","Thrill-seeking families, groups of friends looking for a fun weekend, and anyone wanting a 'greatest hits' experience of North Wales' adventure offerings. Experienced mountaineers might find Snowdon's popular routes a bit tame but could use it as a base for accessing more remote climbs.","Each individual activity site (Zip World, Antur Stiniog, etc.) has its own dedicated parking, toilet facilities, and often a cafe or shop. General amenities like supermarkets and petrol stations are available in nearby towns like Betws-y-Coed and Blaenau Ffestiniog.","Book your activities well in advance, especially for Zip World and Bounce Below, as they frequently sell out. Consider visiting during the shoulder season (spring or autumn) for fewer crowds and potentially better weather."
Criccieth,Llŷn Peninsula,"52.9180, -4.2330","Beach, Castle, Walking",Town parking,"Shops, pubs, castle",Free access,Year-round,Moderate,"This isn't a single location, but a cluster of adrenaline activities based around Snowdonia National Park. Expect a busy, tourist-focused vibe, especially around Zip World sites. Come here for high-octane thrills and challenging mountain adventures, but be prepared for crowds and pre-booking is essential.","Thrill-seekers, families with adventurous older children (check age/weight restrictions!), experienced hikers/mountain bikers looking for challenging routes, and those comfortable with paying premium prices for adventure activities.","Facilities vary greatly depending on the specific activity location. Zip World sites offer parking, cafes, toilets, and sometimes accommodation. Mountain biking trailheads may have limited facilities. Snowdon has a visitor centre at the summit (accessible by train), but otherwise, facilities are sparse on the mountain itself.","Book activities well in advance, especially during peak season. For a quieter Snowdon experience, consider the Watkin Path or Rhyd Ddu path, which are less crowded than the Llanberis Path. Pack for all weather conditions, even in summer."
