spot_slug,image_url,source,license,author,attribution_text,width,height,description
barafundle-bay,https://upload.wikimedia.org/wikipedia/commons/b/bb/Perfect_Pembrokeshire.jpg,Wikimedia Commons,CC BY-SA 4.0,Djvinylfrontier,Barafundle Bay by Djvinylfrontier (CC BY-SA 4.0),3024,4032,Beautiful Barafundle Bay..
barafundle-bay,https://upload.wikimedia.org/wikipedia/commons/4/4d/The_Pembrokeshire_Coast_Path_at_Barafundle_Bay_-_geograph.org.uk_-_5403254.jpg,Wikimedia Commons,CC BY-SA 2.0,Dave Kelly,The Pembrokeshire Coast Path at Barafundle Bay by Dave Kelly,4608,3456,The Pembrokeshire Coast Path at Barafundle Bay
barafundle-bay,https://upload.wikimedia.org/wikipedia/commons/f/fb/The_Pembrokeshire_Coast_Path_near_Barafundle_Bay_-_geograph.org.uk_-_5403241.jpg,Wikimedia Commons,CC BY-SA 2.0,Dave Kelly,The Pembrokeshire Coast Path near Barafundle Bay by Dave Kelly,4608,3456,The Pembrokeshire Coast Path near Barafundle Bay
barafundle-bay,https://upload.wikimedia.org/wikipedia/commons/c/c7/Barafundle_Bay_-_geograph.org.uk_-_5093542.jpg,Wikimedia Commons,CC BY-SA 2.0,Dylan Moore,Barafundle Bay by Dylan Moore,2560,1772,Barafundle Bay
broad-haven-north,https://upload.wikimedia.org/wikipedia/commons/4/4c/Broad_Haven%2C_Pembrokeshire_%28490217019%29.jpg,Wikimedia Commons,CC BY-SA 2.0,"Chris Hearn from Narberth, UK","Broad Haven North by Chris Hearn from Narberth, UK (CC BY-SA 2.0)",1280,960,Flying north above Broad Haven along the Pembrokeshire coast.
broad-haven-north,https://upload.wikimedia.org/wikipedia/commons/3/3f/Broadhaven_Beach%2C_Pembrokeshire_-_geograph.org.uk_-_2075542.jpg,Wikimedia Commons,CC BY-SA 2.0,nick macneill,"Broadhaven Beach, Pembrokeshire by nick macneill",1600,1200,"Broadhaven Beach, Pembrokeshire"
broad-haven-north,https://upload.wikimedia.org/wikipedia/commons/4/48/The_Pembrokeshire_Coast_Path_at_Broad_Haven_-_geograph.org.uk_-_5433350.jpg,Wikimedia Commons,CC BY-SA 2.0,Dave Kelly,The Pembrokeshire Coast Path at Broad Haven by Dave Kelly,4608,3456,The Pembrokeshire Coast Path at Broad Haven
broad-haven-north,https://upload.wikimedia.org/wikipedia/commons/a/ac/The_Pembrokeshire_Coast_Path_at_Broad_Haven_-_geograph.org.uk_-_5433352.jpg,Wikimedia Commons,CC BY-SA 2.0,Dave Kelly,The Pembrokeshire Coast Path at Broad Haven by Dave Kelly,4608,3456,The Pembrokeshire Coast Path at Broad Haven
broad-haven-north,https://upload.wikimedia.org/wikipedia/commons/7/79/Broad_Haven_-_geograph.org.uk_-_5524221.jpg,Wikimedia Commons,CC BY-SA 2.0,Stephen McKay,Broad Haven by Stephen McKay,1280,851,Broad Haven
broad-haven-north,https://upload.wikimedia.org/wikipedia/commons/2/2c/Broad_Haven_-_geograph.org.uk_-_5524668.jpg,Wikimedia Commons,CC BY-SA 2.0,Stephen McKay,Broad Haven by Stephen McKay,1280,851,Broad Haven
broad-haven-north,https://upload.wikimedia.org/wikipedia/commons/6/6c/Broad_Haven_-_geograph.org.uk_-_5524677.jpg,Wikimedia Commons,CC BY-SA 2.0,Stephen McKay,Broad Haven by Stephen McKay,1280,851,Broad Haven
broad-haven-north,https://upload.wikimedia.org/wikipedia/commons/9/9c/Broad_Haven_15.JPG,Wikimedia Commons,CC0,Wici Rhuthun 1,Broad Haven North by Wici Rhuthun 1 (CC0),4272,2848,Broad Haven
broad-haven-north,https://upload.wikimedia.org/wikipedia/commons/8/88/Broad_Haven_21.JPG,Wikimedia Commons,CC0,Wici Rhuthun 1,Broad Haven North by Wici Rhuthun 1 (CC0),4272,2848,Broad Haven
broad-haven-north,https://upload.wikimedia.org/wikipedia/commons/5/57/Broad_Haven_29.JPG,Wikimedia Commons,CC0,Wici Rhuthun 1,Broad Haven North by Wici Rhuthun 1 (CC0),4272,2848,Broad Haven
freshwater-west,https://upload.wikimedia.org/wikipedia/commons/8/89/BeachFreshWestPembrokeshire_004.jpg,Wikimedia Commons,Public domain,JKMMX,Freshwater West by JKMMX (Public domain),3872,2592,Sunset on Freshwater West beach located within the Pembrokeshire Coast National Park
freshwater-west,https://upload.wikimedia.org/wikipedia/commons/f/ff/Dunes_at_Freshwater_West_-_geograph.org.uk_-_5287500.jpg,Wikimedia Commons,CC BY-SA 2.0,Chris Holifield,Dunes at Freshwater West by Chris Holifield,4000,3000,Dunes at Freshwater West
freshwater-west,https://upload.wikimedia.org/wikipedia/commons/a/ad/Freshwater_West_Beach%2C_Pembrokeshire_-_geograph.org.uk_-_6995561.jpg,Wikimedia Commons,CC BY-SA 2.0,Ruth Sharville,"Freshwater West Beach, Pembrokeshire by Ruth Sharville",4000,3000,"Freshwater West Beach, Pembrokeshire"
freshwater-west,https://upload.wikimedia.org/wikipedia/commons/a/a1/Freshwater_West_War_Memorial_-_geograph.org.uk_-_4495235.jpg,Wikimedia Commons,CC BY-SA 2.0,welshbabe,Freshwater West War Memorial by welshbabe,1932,2576,Freshwater West War Memorial
freshwater-west,https://upload.wikimedia.org/wikipedia/commons/2/2a/Freshwater_West_War_Memorial_-_geograph.org.uk_-_4495238.jpg,Wikimedia Commons,CC BY-SA 2.0,welshbabe,Freshwater West War Memorial by welshbabe,2576,1932,Freshwater West War Memorial
freshwater-west,https://upload.wikimedia.org/wikipedia/commons/2/2f/Freshwater_West_from_Broomhill_Burrows_-_geograph.org.uk_-_2398312.jpg,Wikimedia Commons,CC BY-SA 2.0,Ian Paterson,Freshwater West from Broomhill Burrows by Ian Paterson,2048,1536,Freshwater West from Broomhill Burrows
freshwater-west,https://upload.wikimedia.org/wikipedia/commons/b/ba/Pembrokeshire_Coast_Bus_-_YJ10_EXU%2C_Freshwater_West-04_05_2013_%289496323967%29.jpg,Wikimedia Commons,CC BY 2.0,Sherpa_536,Freshwater West by Sherpa_536 (CC BY 2.0),1280,960,"Around the Pembrokeshire Coast, there are several little bus routes connecting all of the little villages together. The service is 1.5 hours duration, but it is an enjoyable ride (especially in lovely weather).

Here is Optare Solo YJ10 EXU coming through Freshwater West on the 4th June 2013. This vehicle is operated by Silcox's of Pembroke Dock."
freshwater-west,https://upload.wikimedia.org/wikipedia/commons/f/f9/Sand_dunes%2C_Freshwater_West_-_geograph.org.uk_-_7629847.jpg,Wikimedia Commons,CC BY-SA 2.0,Eirian Evans,"Sand dunes, Freshwater West by Eirian Evans",4000,3000,"Sand dunes, Freshwater West"
freshwater-west,https://upload.wikimedia.org/wikipedia/commons/1/1e/The_Pembrokeshire_Coast_Path_at_Freshwater_West_-_geograph.org.uk_-_5417289.jpg,Wikimedia Commons,CC BY-SA 2.0,Dave Kelly,The Pembrokeshire Coast Path at Freshwater West by Dave Kelly,4608,3456,The Pembrokeshire Coast Path at Freshwater West
freshwater-west,https://upload.wikimedia.org/wikipedia/commons/e/e5/The_Pembrokeshire_Coast_Path_at_Freshwater_West_-_geograph.org.uk_-_5417296.jpg,Wikimedia Commons,CC BY-SA 2.0,Dave Kelly,The Pembrokeshire Coast Path at Freshwater West by Dave Kelly,4608,3456,The Pembrokeshire Coast Path at Freshwater West
marloes-sands,https://upload.wikimedia.org/wikipedia/commons/2/25/A_grassy_cliff_above_Marloes_Sands_-_geograph.org.uk_-_7664828.jpg,Wikimedia Commons,CC BY-SA 2.0,David Medcalf,A grassy cliff above Marloes Sands by David Medcalf,4032,3024,A grassy cliff above Marloes Sands
marloes-sands,https://upload.wikimedia.org/wikipedia/commons/e/ea/Bench_looking_out_at_Marloes_Sands_-_geograph.org.uk_-_7606321.jpg,Wikimedia Commons,CC BY-SA 2.0,Eirian Evans,Bench looking out at Marloes Sands by Eirian Evans,3909,2933,Bench looking out at Marloes Sands
marloes-sands,https://upload.wikimedia.org/wikipedia/commons/0/0e/Grassy_scrub_above_Marloes_Sands_-_geograph.org.uk_-_7664831.jpg,Wikimedia Commons,CC BY-SA 2.0,David Medcalf,Grassy scrub above Marloes Sands by David Medcalf,4032,3024,Grassy scrub above Marloes Sands
marloes-sands,https://upload.wikimedia.org/wikipedia/commons/5/5e/Marloes_Sands_-_geograph.org.uk_-_6194161.jpg,Wikimedia Commons,CC BY-SA 2.0,Alan Hughes,Marloes Sands by Alan Hughes,3264,2448,Marloes Sands
marloes-sands,https://upload.wikimedia.org/wikipedia/commons/d/d2/Marloes_Sands_2.jpg,Wikimedia Commons,CC BY-SA 3.0,Agathoclea,Marloes Sands by Agathoclea (CC BY-SA 3.0),2560,1920,Marloes Sands
marloes-sands,https://upload.wikimedia.org/wikipedia/commons/7/7d/Marloes_Sands_Dusk_Wales_UK_2004.png,Wikimedia Commons,CC BY-SA 4.0,(Ft. Jack Hackett),Marloes Sands by (Ft. Jack Hackett) (CC BY-SA 4.0),2268,1512,"Marloes Sands, Pembrokeshire National Coast Park, Wales, UK"
marloes-sands,https://upload.wikimedia.org/wikipedia/commons/8/87/Marloes_Sands_from_Red_Cliff_-_geograph.org.uk_-_7606341.jpg,Wikimedia Commons,CC BY-SA 2.0,Eirian Evans,Marloes Sands from Red Cliff by Eirian Evans,4000,3000,Marloes Sands from Red Cliff
marloes-sands,https://upload.wikimedia.org/wikipedia/commons/8/8e/Marloes_beach.jpg,Wikimedia Commons,CC BY-SA 3.0,Thisisstupid,Marloes Sands by Thisisstupid (CC BY-SA 3.0),3888,2592,"Marloes beach, Pembrokeshire, Wales. From the west."
marloes-sands,https://upload.wikimedia.org/wikipedia/commons/d/da/Pembrokeshire_Coast_National_Park_06.jpg,Wikimedia Commons,CC BY-SA 3.0,Manfred Heyde,Marloes Sands by Manfred Heyde (CC BY-SA 3.0),1280,825,"Marloes sands is a beautiful, isolated stretch of sand with rocky outcrops along its length, Pembrokeshire coast, Wales/UK"
marloes-sands,https://upload.wikimedia.org/wikipedia/commons/3/31/Pembrokeshire_Cost_Path_near_Marloes_Sands_-_geograph.org.uk_-_7606306.jpg,Wikimedia Commons,CC BY-SA 2.0,Eirian Evans,Pembrokeshire Cost Path near Marloes Sands by Eirian Evans,4000,3000,Pembrokeshire Cost Path near Marloes Sands
whitesands,https://upload.wikimedia.org/wikipedia/commons/a/ac/House_above_Whitesands_Bay%2C_Pembrokeshire_-_geograph.org.uk_-_4535805.jpg,Wikimedia Commons,CC BY-SA 2.0,Jeff Gogarty,"House above Whitesands Bay, Pembrokeshire by Jeff Gogarty",1600,1200,"House above Whitesands Bay, Pembrokeshire"
whitesands,https://upload.wikimedia.org/wikipedia/commons/a/a5/Porthselau_Bay_with_camping_inland%3B_1_km_SW_of_Porth_Mawr_%28Whitsands_Bay%29%2C_Sir_Benfro_%28Pembrokeshire%29_04.jpg,Wikimedia Commons,CC BY-SA 4.0,Llywelyn2000,Whitesands Bay by Llywelyn2000 (CC BY-SA 4.0),3901,2591,"Porthselau Bay with camping inland; 1 km SW of Porth Mawr (Whitsands Bay), Sir Benfro (Pembrokeshire)"
whitesands,https://upload.wikimedia.org/wikipedia/commons/1/11/Porthselau_Bay_with_camping_inland%3B_1_km_SW_of_Porth_Mawr_%28Whitsands_Bay%29%2C_Sir_Benfro_%28Pembrokeshire%29_08.jpg,Wikimedia Commons,CC BY-SA 4.0,Llywelyn2000,Whitesands Bay by Llywelyn2000 (CC BY-SA 4.0),5184,3888,"Porthselau Bay with camping inland; 1 km SW of Porth Mawr (Whitsands Bay), Sir Benfro (Pembrokeshire)"
whitesands,https://upload.wikimedia.org/wikipedia/commons/9/9c/Porthselau_Bay_with_camping_inland%3B_1_km_SW_of_Porth_Mawr_%28Whitsands_Bay%29%2C_Sir_Benfro_%28Pembrokeshire%29_09.jpg,Wikimedia Commons,CC BY-SA 4.0,Llywelyn2000,Whitesands Bay by Llywelyn2000 (CC BY-SA 4.0),3648,2736,"Porthselau Bay with camping inland; 1 km SW of Porth Mawr (Whitsands Bay), Sir Benfro (Pembrokeshire)"
whitesands,https://upload.wikimedia.org/wikipedia/commons/d/d9/Trwynhwrddyn_north_of_Whitesands_beach%2C_Pembrokeshire_-_geograph.org.uk_-_2089066.jpg,Wikimedia Commons,CC BY-SA 2.0,nick macneill,"Trwynhwrddyn north of Whitesands beach, Pembrokeshire by nick macneill",1600,1200,"Trwynhwrddyn north of Whitesands beach, Pembrokeshire"
whitesands,https://upload.wikimedia.org/wikipedia/commons/e/ea/Whitesands_Bay%2C_Pembrokeshire_-_geograph.org.uk_-_2089061.jpg,Wikimedia Commons,CC BY-SA 2.0,nick macneill,"Whitesands Bay, Pembrokeshire by nick macneill",1600,1200,"Whitesands Bay, Pembrokeshire"
whitesands,https://upload.wikimedia.org/wikipedia/commons/e/ea/Whitesands_Beach_Wales-UK.jpg,Wikimedia Commons,CC BY-SA 4.0,Kmtextor,Whitesands Bay by Kmtextor (CC BY-SA 4.0),5472,3648,"Whitesands Beach near St Davids in Wales, UK"
whitesands,https://upload.wikimedia.org/wikipedia/commons/7/79/Whitesands_beach%2C_Pembrokeshire_-_geograph.org.uk_-_6240610.jpg,Wikimedia Commons,CC BY-SA 2.0,Gareth James,"Whitesands beach, Pembrokeshire by Gareth James",5184,3888,"Whitesands beach, Pembrokeshire"
whitesands,https://upload.wikimedia.org/wikipedia/commons/6/6d/Whitesands_beach_and_bay%2C_Pembrokeshire_-_geograph.org.uk_-_6240607.jpg,Wikimedia Commons,CC BY-SA 2.0,Gareth James,"Whitesands beach and bay, Pembrokeshire by Gareth James",5002,2812,"Whitesands beach and bay, Pembrokeshire"
whitesands,https://upload.wikimedia.org/wikipedia/commons/c/c3/Whitesands_beach_and_bay%2C_Pembrokeshire_-_geograph.org.uk_-_6240608.jpg,Wikimedia Commons,CC BY-SA 2.0,Gareth James,"Whitesands beach and bay, Pembrokeshire by Gareth James",5116,2877,"Whitesands beach and bay, Pembrokeshire"
newgale,https://upload.wikimedia.org/wikipedia/commons/d/d2/Brandy_Brook_at_Niwgwl%2C_Sir_Benfro%2C_Cymru_June_2021_Newgale%2C_Pembrokeshire%2C_Wales_02.jpg,Wikimedia Commons,CC BY-SA 4.0,Llywelyn2000,Newgale Beach by Llywelyn2000 (CC BY-SA 4.0),2736,3648,"Niwgwl, Sir Benfro, Cymru June 2021 Newgale, Pembrokeshire, Wales.
Brandy Brook flows into the sea at the northernmost point of Newgale beach in St Brides Bay."
newgale,https://upload.wikimedia.org/wikipedia/commons/3/39/Coastal_Contact_%2821536885466%29.jpg,Wikimedia Commons,CC BY 2.0,Phil Dolby,Newgale Beach by Phil Dolby (CC BY 2.0),4592,3056,"Newgale Beach, Pembrokeshire, Wales, UK"
newgale,https://upload.wikimedia.org/wikipedia/commons/f/f4/Eyes_on_the_surf_at_Newgale_Sands_-_geograph.org.uk_-_6051899.jpg,Wikimedia Commons,CC BY-SA 2.0,Simon Mortimer,Eyes on the surf at Newgale Sands by Simon Mortimer,6000,4000,Eyes on the surf at Newgale Sands
newgale,https://upload.wikimedia.org/wikipedia/commons/4/47/Faithful_Friend_%2822136006984%29.jpg,Wikimedia Commons,CC BY 2.0,Phil Dolby,Newgale Beach by Phil Dolby (CC BY 2.0),5456,3632,"Micky (surfer) and his dog Jake (wannabe surfer), Newgale beach, Pembrokeshire, Wales, UK"
newgale,https://upload.wikimedia.org/wikipedia/commons/1/17/From_Above_%2828548409996%29.jpg,Wikimedia Commons,CC BY 2.0,Phil Dolby,Newgale Beach by Phil Dolby (CC BY 2.0),3056,4592,"Newgale beach, Pembrokeshire, Wales, UK"
newgale,https://upload.wikimedia.org/wikipedia/commons/8/85/Intensity_%2828492524286%29.jpg,Wikimedia Commons,CC BY 2.0,Phil Dolby,Newgale Beach by Phil Dolby (CC BY 2.0),5421,3419,"Newgale beach, Pembrokeshire, Wales, UK"
newgale,https://upload.wikimedia.org/wikipedia/commons/e/ea/Last_Play_%2827157632770%29.jpg,Wikimedia Commons,CC BY 2.0,Phil Dolby,Newgale Beach by Phil Dolby (CC BY 2.0),5456,3075,"Newgale beach, Pembrokeshire, Wales, UK"
newgale,https://upload.wikimedia.org/wikipedia/commons/9/97/Newgale%2C_Pembrokeshire_%28490192322%29.jpg,Wikimedia Commons,CC BY-SA 2.0,"Chris Hearn from Narberth, UK","Newgale Beach by Chris Hearn from Narberth, UK (CC BY-SA 2.0)",1280,960,Flying over Newgale on the Pembrokeshire coast.
newgale,https://upload.wikimedia.org/wikipedia/commons/9/9e/Newgale_Beach%2C_Pembrokeshire%2C_Wales_%2816963954275%29.jpg,Wikimedia Commons,CC BY 2.0,Phil Dolby,Newgale Beach by Phil Dolby (CC BY 2.0),4169,2774,"Newgale Beach, Pembrokeshire, Wales, UK"
newgale,https://upload.wikimedia.org/wikipedia/commons/c/c3/Newgale_Sands_-_geograph.org.uk_-_7006250.jpg,Wikimedia Commons,CC BY-SA 2.0,Colin Smith,Newgale Sands by Colin Smith,5152,3864,Newgale Sands
tenby-north,https://upload.wikimedia.org/wikipedia/commons/2/20/North_Beach_Tenby_-_geograph.org.uk_-_3149607.jpg,Wikimedia Commons,CC BY-SA 2.0,Pam Goodey,North Beach Tenby by Pam Goodey,4567,2899,North Beach Tenby
tenby-north,https://upload.wikimedia.org/wikipedia/commons/8/88/North_sands%2C_Tenby%2C_Wales-LCCN2001703555.jpg,Wikimedia Commons,Public domain,Photochrom Print Collection,Tenby North Beach by Photochrom Print Collection (Public domain),3674,2767,"Title from the Detroit Publishing Co., catalogue J-foreign section. Detroit, Mich. : Detroit Photographic Company, 1905.; More information about the Photochrom Print Collection is available at http://hdl.loc.gov/loc.pnp/pp.pgz; Forms part of: Views of landscape and architecture in Wales in the Photochrom print collection.; Print no. ""10660""."
tenby-north,https://upload.wikimedia.org/wikipedia/commons/d/d2/North_sands%2C_Tenby%2C_Wales_LOC_3752415174.jpg,Wikimedia Commons,No restrictions,The Library of Congress,Tenby North Beach by The Library of Congress (No restrictions),1024,771,"[North sands, Tenby, Wales]
[between ca. 1890 and ca. 1900].
1 photomechanical print : photochrom, color.
Notes:
 Title from the Detroit Publishing Co., catalogue J--foreign section. Detroit, Mich. : Detroit Photographic Company, 1905.
Print no. ""10660"".
Forms part of: Views of landscape and architecture in Wales in the Photochrom print collection.
Subjects:
 Wales--Tenby.
Format:  Photochrom prints--Color--1890-1900.
Rights Info:  No known restrictions on reproduction.
Repository:  Library of Congress, Prints and Photographs Division, Washington, D.C. 20540 USA, http://hdl.loc.gov/loc.pnp/pp.print
Part Of:  Views of landscape and architecture in Wales (DLC)  2001700652
More information about the Photochrom Print Collection is available at http://hdl.loc.gov/loc.pnp/pp.pgz
Persistent URL:   http://hdl.loc.gov/loc.pnp/ppmsc.07492

Call Number:  LOT 13408, no. 156 [item]"
tenby-north,https://upload.wikimedia.org/wikipedia/commons/0/02/South_Wales_%2817087635429%29.jpg,Wikimedia Commons,CC BY 2.0,Bryan Ledgard,Tenby North Beach by Bryan Ledgard (CC BY 2.0),4608,3072,South Wales
tenby-north,https://upload.wikimedia.org/wikipedia/commons/3/3a/Swim_Start_at_Ironman_Wales_2011.jpg,Wikimedia Commons,CC BY-SA 2.0,David Dixon,David Dixon,1280,960,"7am on Sunday morning and approximately 1300 athletes, representing more than 30 countries, line up on Tenby's North Beach ready to tackle the first leg of the Ironman Wales triathlon competition."
tenby-north,https://upload.wikimedia.org/wikipedia/commons/9/96/Tenby_Beach_%2C_Pembrokeshire_%2C_Wales_%2C_August_2007_-_panoramio.jpg,Wikimedia Commons,CC BY 3.0,originalpickaxe,originalpickaxe,1951,1303,"Tenby Beach , Pembrokeshire , Wales , August 2007"
tenby-north,https://upload.wikimedia.org/wikipedia/commons/b/b6/View_at_Tenby%2C_Wales-LCCN2001703558.jpg,Wikimedia Commons,Public domain,Photochrom Print Collection,Tenby North Beach by Photochrom Print Collection (Public domain),2748,3655,"Print no. ""10661"".; Title from the Detroit Publishing Co., catalogue J-foreign section. Detroit, Mich. : Detroit Photographic Company, 1905.; More information about the Photochrom Print Collection is available at http://hdl.loc.gov/loc.pnp/pp.pgz; Forms part of: Views of landscape and architecture in Wales in the Photochrom print collection."
tenby-south,https://upload.wikimedia.org/wikipedia/commons/c/c9/Caldey_Island_from_Tenby_South_Beach_%284127%29.jpg,Wikimedia Commons,CC BY-SA 4.0,Nilfanion,Tenby South Beach by Nilfanion (CC BY-SA 4.0),4288,2848,Caldey Island from Tenby South Beach
tenby-south,https://upload.wikimedia.org/wikipedia/commons/2/20/Caldey_Island_from_Tenby_South_Beach_%284128%29.jpg,Wikimedia Commons,CC BY-SA 4.0,Nilfanion,Tenby South Beach by Nilfanion (CC BY-SA 4.0),4288,2848,Caldey Island from Tenby South Beach
tenby-south,https://upload.wikimedia.org/wikipedia/commons/e/e2/Caldey_Island_from_Tenby_South_Beach_%284129%29.jpg,Wikimedia Commons,CC BY-SA 4.0,Nilfanion,Tenby South Beach by Nilfanion (CC BY-SA 4.0),4288,2848,Caldey Island from Tenby South Beach
tenby-south,https://upload.wikimedia.org/wikipedia/commons/e/e2/Caldey_Island_from_Tenby_South_Beach_%284130%29.jpg,Wikimedia Commons,CC BY-SA 4.0,Nilfanion,Tenby South Beach by Nilfanion (CC BY-SA 4.0),4288,2848,Caldey Island from Tenby South Beach
tenby-south,https://upload.wikimedia.org/wikipedia/commons/b/bd/Caldey_Island_from_Tenby_South_Beach_%284131%29.jpg,Wikimedia Commons,CC BY-SA 4.0,Nilfanion,Tenby South Beach by Nilfanion (CC BY-SA 4.0),4288,2848,Caldey Island from Tenby South Beach
tenby-south,https://upload.wikimedia.org/wikipedia/commons/d/d3/Caldey_Island_from_Tenby_South_Beach_%284132%29.jpg,Wikimedia Commons,CC BY-SA 4.0,Nilfanion,Tenby South Beach by Nilfanion (CC BY-SA 4.0),4288,2848,Caldey Island from Tenby South Beach
tenby-south,https://upload.wikimedia.org/wikipedia/commons/5/51/Caldey_Island_from_Tenby_South_Beach_%284133%29.jpg,Wikimedia Commons,CC BY-SA 4.0,Nilfanion,Tenby South Beach by Nilfanion (CC BY-SA 4.0),4288,2848,Caldey Island from Tenby South Beach
tenby-south,https://upload.wikimedia.org/wikipedia/commons/f/ff/Caldey_Island_from_Tenby_South_Beach_%284134%29.jpg,Wikimedia Commons,CC BY-SA 4.0,Nilfanion,Tenby South Beach by Nilfanion (CC BY-SA 4.0),4288,2848,Caldey Island from Tenby South Beach
tenby-south,https://upload.wikimedia.org/wikipedia/commons/e/ed/Jellyfish_on_Tenby_South_Beach_%284192%29.jpg,Wikimedia Commons,CC BY-SA 4.0,Nilfanion,Tenby South Beach by Nilfanion (CC BY-SA 4.0),4288,2848,Jellyfish on Tenby South Beach
tenby-south,https://upload.wikimedia.org/wikipedia/commons/c/c4/Tenby_South_Beach%2C_Pembrokeshire%2C_Wales.jpg,Wikimedia Commons,CC BY-SA 4.0,JKMMX,Tenby South Beach by JKMMX (CC BY-SA 4.0),3840,2160,"Aerial view of Tenby South Beach, Tenby, Pembrokeshire, Wales, UK"
saundersfoot,https://upload.wikimedia.org/wikipedia/commons/a/ab/%27Horsebox%27_snack_bar%2C_Saundersfoot_beach_%28geograph_7033221%29.jpg,Wikimedia Commons,CC BY-SA 2.0,M J Roscoe,M J Roscoe,5184,3456,"'Horsebox' snack bar, Saundersfoot beach. 'Cwlbox' being prepared for service next to base of slipway. Coppet Hall Point is at the far end of the beach; the tide is going out."
saundersfoot,https://upload.wikimedia.org/wikipedia/commons/c/c7/Sea_anemone_survives_at_low_tide%2C_Saundersfoot_beach%2C_Pembrokshire%2C_Wales.jpg,Wikimedia Commons,CC BY-SA 4.0,Jbsfsax,Saundersfoot Beach by Jbsfsax (CC BY-SA 4.0),3264,1836,Seeanemone bei Ebbe am Strand. Die Tentakel sind eingefahren bis das Wasser wieder zurückkommt. Sie haftete an einem Felsen
saundersfoot,https://upload.wikimedia.org/wikipedia/commons/7/72/Sea_anemones_at_Saundersfoot_beach%2C_Pembrokshire%2C_Wales.jpg,Wikimedia Commons,CC BY-SA 4.0,Jbsfsax,Saundersfoot Beach by Jbsfsax (CC BY-SA 4.0),3264,1836,"Seeanemonen haften an einem Felsbrocken am Strand. Es ist Ebbe, aber es ist etwas Wasser zurückgeblieben, so dass sie die Tentakel ausgefahren haben und auf Beute warten."
saundersfoot,https://upload.wikimedia.org/wikipedia/commons/e/ed/Sea_anemones_at_low_tide%2C_Saundersfoot_Beach%2C_Pembrokshire%2C_Wales%2C_UK.jpg,Wikimedia Commons,CC BY-SA 4.0,Jbsfsax,Saundersfoot Beach by Jbsfsax (CC BY-SA 4.0),3264,1836,"Die glibberigen roten ""Napfkuchen"" sind See-Anemonen, die bei Ebbe ihre Tentakel eingezogen und den Innenraum dicht verschlossen haben."
saundersfoot,https://upload.wikimedia.org/wikipedia/commons/a/a2/Saundersfoot_Beach_-_geograph.org.uk_-_5530479.jpg,Wikimedia Commons,CC BY-SA 2.0,Stephen McKay,Saundersfoot Beach by Stephen McKay,1280,851,Saundersfoot Beach
saundersfoot,https://upload.wikimedia.org/wikipedia/commons/2/2d/Saundersfoot_Beach_-_geograph.org.uk_-_5530543.jpg,Wikimedia Commons,CC BY-SA 2.0,Stephen McKay,Saundersfoot Beach by Stephen McKay,1280,851,Saundersfoot Beach
manorbier,https://upload.wikimedia.org/wikipedia/commons/4/4b/Maenorb%C5%B7r_Beach.JPG,Wikimedia Commons,CC BY-SA 3.0,DanielR235,Manorbier Beach by DanielR235 (CC BY-SA 3.0),2304,1728,View of Manorbier beach and the sea.
manorbier,https://upload.wikimedia.org/wikipedia/commons/c/ce/Manorbierbeachcomposite.jpg,Wikimedia Commons,Public domain,Chaosdruid,Manorbier Beach by Chaosdruid (Public domain),4988,979,Panoramic composite of Manorbier beach looking out to sea
manorbier,https://upload.wikimedia.org/wikipedia/commons/c/c5/Pembrokeshire_Coast_Path_at_Manorbier_Beach_-_geograph.org.uk_-_4322594.jpg,Wikimedia Commons,CC BY-SA 2.0,Ian S,Pembrokeshire Coast Path at Manorbier Beach by Ian S,1600,1062,Pembrokeshire Coast Path at Manorbier Beach
manorbier,https://upload.wikimedia.org/wikipedia/commons/0/0d/Pembrokeshire_Coast_Path_at_Manorbier_Beach_-_geograph.org.uk_-_4322598.jpg,Wikimedia Commons,CC BY-SA 2.0,Ian S,Pembrokeshire Coast Path at Manorbier Beach by Ian S,1600,1062,Pembrokeshire Coast Path at Manorbier Beach
manorbier,https://upload.wikimedia.org/wikipedia/commons/e/e2/Pembrokeshire_Coast_Path_towards_Manorbier_Beach_-_geograph.org.uk_-_4322587.jpg,Wikimedia Commons,CC BY-SA 2.0,Ian S,Pembrokeshire Coast Path  towards Manorbier Beach by Ian S,1600,1062,Pembrokeshire Coast Path  towards Manorbier Beach
manorbier,https://upload.wikimedia.org/wikipedia/commons/6/67/Manorbier_Bay%2C_Pembrokeshire_-_geograph.org.uk_-_4322601.jpg,Wikimedia Commons,CC BY-SA 2.0,Ian S,"Manorbier Bay, Pembrokeshire by Ian S",1600,1062,"Manorbier Bay, Pembrokeshire"
stackpole-quay,https://upload.wikimedia.org/wikipedia/commons/1/11/The_Pembrokeshire_Coast_Path_at_Stackpole_Quay_-_geograph.org.uk_-_5403232.jpg,Wikimedia Commons,CC BY-SA 2.0,Dave Kelly,The Pembrokeshire Coast Path at Stackpole Quay by Dave Kelly,4608,3456,The Pembrokeshire Coast Path at Stackpole Quay
stackpole-quay,https://upload.wikimedia.org/wikipedia/commons/5/51/The_Pembrokeshire_Coast_Path_near_Stackpole_Quay_-_geograph.org.uk_-_5402801.jpg,Wikimedia Commons,CC BY-SA 2.0,Dave Kelly,The Pembrokeshire Coast Path near Stackpole Quay by Dave Kelly,4608,3456,The Pembrokeshire Coast Path near Stackpole Quay
stackpole-quay,https://upload.wikimedia.org/wikipedia/commons/e/ea/The_Pembrokeshire_Coast_Path_near_Stackpole_Quay_-_geograph.org.uk_-_5402813.jpg,Wikimedia Commons,CC BY-SA 2.0,Dave Kelly,The Pembrokeshire Coast Path near Stackpole Quay by Dave Kelly,4608,3456,The Pembrokeshire Coast Path near Stackpole Quay
stackpole-quay,https://upload.wikimedia.org/wikipedia/commons/e/ed/The_Pembrokeshire_Coast_Path_near_Stackpole_Quay_-_geograph.org.uk_-_5403229.jpg,Wikimedia Commons,CC BY-SA 2.0,Dave Kelly,The Pembrokeshire Coast Path near Stackpole Quay by Dave Kelly,4608,3456,The Pembrokeshire Coast Path near Stackpole Quay
stackpole-quay,https://upload.wikimedia.org/wikipedia/commons/a/aa/Looking_down_on_Stackpole_Quay_from_the_Wales_Coast_Path_-_geograph.org.uk_-_8064048.jpg,Wikimedia Commons,CC BY-SA 2.0,Eirian Evans,Looking down on Stackpole Quay from the Wales Coast Path by Eirian Evans,2880,3840,Looking down on Stackpole Quay from the Wales Coast Path
stackpole-quay,https://upload.wikimedia.org/wikipedia/commons/e/e0/Wales_Coast_Path_between_Stackpole_Quay_and_Greenala_Point_-_geograph.org.uk_-_8064192.jpg,Wikimedia Commons,CC BY-SA 2.0,Eirian Evans,Wales Coast Path between Stackpole Quay and Greenala Point by Eirian Evans,2880,3840,Wales Coast Path between Stackpole Quay and Greenala Point
stackpole-quay,https://upload.wikimedia.org/wikipedia/commons/8/8b/Wales_Coast_Path_east_of_Stackpole_Quay_-_geograph.org.uk_-_8064054.jpg,Wikimedia Commons,CC BY-SA 2.0,Eirian Evans,Wales Coast Path east of Stackpole Quay by Eirian Evans,2880,3840,Wales Coast Path east of Stackpole Quay
newport-sands,https://upload.wikimedia.org/wikipedia/commons/3/39/Afon_Nyfer_and_Newport_Sands%2C_at_Parrog_-_geograph.org.uk_-_5343135.jpg,Wikimedia Commons,CC BY-SA 2.0,Christopher Hilton,"Afon Nyfer and Newport Sands, at Parrog by Christopher Hilton",1600,1064,"Afon Nyfer and Newport Sands, at Parrog"
newport-sands,https://upload.wikimedia.org/wikipedia/commons/7/74/Cafe_across_the_river_at_Newport_Sands_-_geograph.org.uk_-_7210415.jpg,Wikimedia Commons,CC BY-SA 2.0,Rob Purvis,Cafe across the river at Newport Sands by Rob Purvis,1024,768,Cafe across the river at Newport Sands
newport-sands,https://upload.wikimedia.org/wikipedia/commons/7/7d/Golf_club%2C_Newport_Sands%2C_Pembrokeshire_-_geograph.org.uk_-_7318147.jpg,Wikimedia Commons,CC BY-SA 2.0,Jeff Gogarty,"Golf club, Newport Sands, Pembrokeshire by Jeff Gogarty",1600,1200,"Golf club, Newport Sands, Pembrokeshire"
newport-sands,https://upload.wikimedia.org/wikipedia/commons/1/17/Newport_Sands_around_low_tide_-_geograph.org.uk_-_3288713.jpg,Wikimedia Commons,CC BY-SA 2.0,Dylan Moore,Newport Sands around low tide by Dylan Moore,2000,1500,Newport Sands around low tide
newport-sands,https://upload.wikimedia.org/wikipedia/commons/b/b3/Newport_Sands_from_the_Pembrokeshire_Coast_Path_-_geograph.org.uk_-_3007478.jpg,Wikimedia Commons,CC BY-SA 2.0,Dave Spicer,Newport Sands from the Pembrokeshire Coast Path by Dave Spicer,4000,3000,Newport Sands from the Pembrokeshire Coast Path
newport-sands,https://upload.wikimedia.org/wikipedia/commons/2/26/Northward_across_Newport_Sands_and_Afon_Nevern%2C_1968_-_geograph.org.uk_-_4806694.jpg,Wikimedia Commons,CC BY-SA 2.0,Ben Brooksbank,"Northward across Newport Sands and Afon Nevern, 1968 by Ben Brooksbank",2000,1303,"Northward across Newport Sands and Afon Nevern, 1968"
newport-sands,https://upload.wikimedia.org/wikipedia/commons/5/5b/Pembrokeshire-Wales_Coast_Path_heading_towards_Newport_Sands_-_geograph.org.uk_-_6260751.jpg,Wikimedia Commons,CC BY-SA 2.0,Eirian Evans,Pembrokeshire/Wales Coast Path heading towards Newport Sands by Eirian Evans,3837,2879,Pembrokeshire/Wales Coast Path heading towards Newport Sands
newport-sands,https://upload.wikimedia.org/wikipedia/commons/c/c7/The_Pembrokeshire_Coast_Path_by_Newport_Sands_-_geograph.org.uk_-_5440029.jpg,Wikimedia Commons,CC BY-SA 2.0,Dave Kelly,The Pembrokeshire Coast Path by Newport Sands by Dave Kelly,4608,3456,The Pembrokeshire Coast Path by Newport Sands
newport-sands,https://upload.wikimedia.org/wikipedia/commons/8/8c/View_down_to_Newport_Sands_from_track_above_the_village_-_geograph.org.uk_-_5366557.jpg,Wikimedia Commons,CC BY-SA 2.0,Christopher Hilton,View down to Newport Sands from track above the village by Christopher Hilton,1600,1064,View down to Newport Sands from track above the village
newport-sands,https://upload.wikimedia.org/wikipedia/commons/5/55/View_down_to_Newport_Sands_from_track_above_the_village_-_geograph.org.uk_-_5420388.jpg,Wikimedia Commons,CC BY-SA 2.0,Christopher Hilton,View down to Newport Sands from track above the village by Christopher Hilton,1600,1064,View down to Newport Sands from track above the village
poppit-sands,https://upload.wikimedia.org/wikipedia/commons/8/80/Poppit_Sands%2C_Pembrokeshire_-_geograph.org.uk_-_2066889.jpg,Wikimedia Commons,CC BY-SA 2.0,Christopher Hilton,"Poppit Sands, Pembrokeshire by Christopher Hilton",1024,681,"Poppit Sands, Pembrokeshire"
poppit-sands,https://upload.wikimedia.org/wikipedia/commons/e/e9/Poppit_Sands_Beach%2C_Saint_Dogmaels%2C_United_Kingdom_%28Unsplash%29.jpg,Wikimedia Commons,CC0,Daryan Shamkhali daryan,Poppit Sands by Daryan Shamkhali daryan (CC0),4896,2760,"Poppit Sands Beach, Saint Dogmaels, United Kingdom"
poppit-sands,https://upload.wikimedia.org/wikipedia/commons/8/8a/Teifi_Estuary_from_Cemaes_Head_-_geograph.org.uk_-_1742468.jpg,Wikimedia Commons,CC BY-SA 2.0,Dylan Moore,Dylan Moore,2592,1944,Teifi Estuary from Cemaes Head
poppit-sands,https://upload.wikimedia.org/wikipedia/commons/b/b3/The_Pembrokeshire_Coast_Path_near_Poppit_Sands_-_geograph.org.uk_-_5440250.jpg,Wikimedia Commons,CC BY-SA 2.0,Dave Kelly,The Pembrokeshire Coast Path near Poppit Sands by Dave Kelly,4608,3456,The Pembrokeshire Coast Path near Poppit Sands
poppit-sands,https://upload.wikimedia.org/wikipedia/commons/2/2b/The_Pembrokeshire_Coast_Path_near_Poppit_Sands_-_geograph.org.uk_-_5440252.jpg,Wikimedia Commons,CC BY-SA 2.0,Dave Kelly,The Pembrokeshire Coast Path near Poppit Sands by Dave Kelly,4608,3456,The Pembrokeshire Coast Path near Poppit Sands
poppit-sands,https://upload.wikimedia.org/wikipedia/commons/a/a8/The_Webley_Hotel_at_Poppit_Sands_-_geograph.org.uk_-_4625730.jpg,Wikimedia Commons,CC BY-SA 2.0,Gareth James,Gareth James,3834,2874,The Webley Hotel at Poppit Sands
poppit-sands,https://upload.wikimedia.org/wikipedia/commons/1/16/Craig_y_Gwbert%2C_Gwbert_a%27r_Ferwig%2C_de_Ceredigion_-_Craig_y_Gwbert%2C_Gwbert_and_Community_of_Ferwig%2C_south_Ceredigion%2C_Wales_04.jpg,Wikimedia Commons,CC BY-SA 4.0,Llywelyn2000,Poppit Sands by Llywelyn2000 (CC BY-SA 4.0),3840,2160,"Gwbert and Ferwig, south Ceredigion, Wales."
poppit-sands,https://upload.wikimedia.org/wikipedia/commons/c/c3/Craig_y_Gwbert%2C_Gwbert_a%27r_Ferwig%2C_de_Ceredigion_-_Craig_y_Gwbert%2C_Gwbert_and_Community_of_Ferwig%2C_south_Ceredigion%2C_Wales_27.jpg,Wikimedia Commons,CC BY-SA 4.0,Llywelyn2000,Poppit Sands by Llywelyn2000 (CC BY-SA 4.0),3041,2160,"Gwbert and Ferwig, south Ceredigion, Wales."
abereiddy,https://upload.wikimedia.org/wikipedia/commons/9/9f/Pembrokeshire_Coast_Path_near_Abereiddy_-_geograph.org.uk_-_4623925.jpg,Wikimedia Commons,CC BY-SA 2.0,Bill Boaden,Pembrokeshire Coast Path near Abereiddy by Bill Boaden,6000,4000,Pembrokeshire Coast Path near Abereiddy
abereiddy,https://upload.wikimedia.org/wikipedia/commons/b/b7/West_from_Abereiddi%2C_Sir_Benfro_%28Pembrokeshire%29%2C_Wales_01.jpg,Wikimedia Commons,CC BY-SA 4.0,Llywelyn2000,Abereiddy by Llywelyn2000 (CC BY-SA 4.0),8605,3952,"West from Abereiddi, Sir Benfro (Pembrokeshire), Wales - on the National Coast Path"
abereiddy,https://upload.wikimedia.org/wikipedia/commons/0/0b/West_from_Abereiddi%2C_Sir_Benfro_%28Pembrokeshire%29%2C_Wales_05.jpg,Wikimedia Commons,CC BY-SA 4.0,Llywelyn2000,Abereiddy by Llywelyn2000 (CC BY-SA 4.0),5184,3888,"West from Abereiddi, Sir Benfro (Pembrokeshire), Wales - on the National Coast Path"
abereiddy,https://upload.wikimedia.org/wikipedia/commons/1/1c/West_from_Abereiddi%2C_Sir_Benfro_%28Pembrokeshire%29%2C_Wales_06.jpg,Wikimedia Commons,CC BY-SA 4.0,Llywelyn2000,Abereiddy by Llywelyn2000 (CC BY-SA 4.0),5184,3888,"West from Abereiddi, Sir Benfro (Pembrokeshire), Wales - on the National Coast Path"
abereiddy,https://upload.wikimedia.org/wikipedia/commons/3/38/West_from_Abereiddi%2C_Sir_Benfro_%28Pembrokeshire%29%2C_Wales_08.jpg,Wikimedia Commons,CC BY-SA 4.0,Llywelyn2000,Abereiddy by Llywelyn2000 (CC BY-SA 4.0),5184,3888,"West from Abereiddi, Sir Benfro (Pembrokeshire), Wales - on the National Coast Path"
abereiddy,https://upload.wikimedia.org/wikipedia/commons/a/af/West_from_Abereiddi%2C_Sir_Benfro_%28Pembrokeshire%29%2C_Wales_09.jpg,Wikimedia Commons,CC BY-SA 4.0,Llywelyn2000,Abereiddy by Llywelyn2000 (CC BY-SA 4.0),5184,3888,"West from Abereiddi, Sir Benfro (Pembrokeshire), Wales - on the National Coast Path"
abereiddy,https://upload.wikimedia.org/wikipedia/commons/3/30/West_from_Abereiddi%2C_Sir_Benfro_%28Pembrokeshire%29%2C_Wales_10.jpg,Wikimedia Commons,CC BY-SA 4.0,Llywelyn2000,Abereiddy by Llywelyn2000 (CC BY-SA 4.0),5184,3888,"West from Abereiddi, Sir Benfro (Pembrokeshire), Wales - on the National Coast Path"
abereiddy,https://upload.wikimedia.org/wikipedia/commons/7/70/West_from_Abereiddi%2C_Sir_Benfro_%28Pembrokeshire%29%2C_Wales_16.jpg,Wikimedia Commons,CC BY-SA 4.0,Llywelyn2000,Abereiddy by Llywelyn2000 (CC BY-SA 4.0),5184,3888,"West from Abereiddi, Sir Benfro (Pembrokeshire), Wales - on the National Coast Path"
abereiddy,https://upload.wikimedia.org/wikipedia/commons/5/51/West_from_Abereiddi%2C_Sir_Benfro_%28Pembrokeshire%29%2C_Wales_17.jpg,Wikimedia Commons,CC BY-SA 4.0,Llywelyn2000,Abereiddy by Llywelyn2000 (CC BY-SA 4.0),5184,3888,"West from Abereiddi, Sir Benfro (Pembrokeshire), Wales - on the National Coast Path"
abereiddy,https://upload.wikimedia.org/wikipedia/commons/9/9c/West_from_Abereiddi%2C_Sir_Benfro_%28Pembrokeshire%29%2C_Wales_18.jpg,Wikimedia Commons,CC BY-SA 4.0,Llywelyn2000,Abereiddy by Llywelyn2000 (CC BY-SA 4.0),5184,3888,"West from Abereiddi, Sir Benfro (Pembrokeshire), Wales - on the National Coast Path"
abermawr,https://upload.wikimedia.org/wikipedia/commons/0/0c/Abermawr%2C_Wales.jpg,Wikimedia Commons,CC0,Morhua,Abermawr by Morhua (CC0),4032,3024,"Abermawr, Wales."
abermawr,https://upload.wikimedia.org/wikipedia/commons/9/95/Abermawr_%28MGK28256%29.jpg,Wikimedia Commons,CC BY-SA 4.0,Markus G. Klötzer,Abermawr by Markus G. Klötzer (CC BY-SA 4.0),5184,3456,Abermawr beach
abermawr,https://upload.wikimedia.org/wikipedia/commons/6/68/Abermawr_%28MGK28260%29.jpg,Wikimedia Commons,CC BY-SA 4.0,Markus G. Klötzer,Abermawr by Markus G. Klötzer (CC BY-SA 4.0),5184,3456,beach
abermawr,https://upload.wikimedia.org/wikipedia/commons/a/a4/Abermawr_%28MGK28262%29.jpg,Wikimedia Commons,CC BY-SA 4.0,Markus G. Klötzer,Abermawr by Markus G. Klötzer (CC BY-SA 4.0),3456,5184,Abermawr beach
abermawr,https://upload.wikimedia.org/wikipedia/commons/b/bb/Abermawr_Bay_-_geograph.org.uk_-_4960876.jpg,Wikimedia Commons,CC BY-SA 2.0,Alan Hughes,Abermawr Bay by Alan Hughes,5124,3218,Abermawr Bay
abermawr,https://upload.wikimedia.org/wikipedia/commons/d/dd/Abermawr_%28MGK28237-Pano%29.jpg,Wikimedia Commons,CC BY-SA 4.0,Markus G. Klötzer,Abermawr by Markus G. Klötzer (CC BY-SA 4.0),15221,2671,beach
abermawr,https://upload.wikimedia.org/wikipedia/commons/7/7c/Abermawr_%28MGK28267%29.jpg,Wikimedia Commons,CC BY-SA 4.0,Markus G. Klötzer,Abermawr by Markus G. Klötzer (CC BY-SA 4.0),5184,3456,Abermawr beach
abermawr,https://upload.wikimedia.org/wikipedia/commons/a/a7/Abermawr_%28MGK28274%29.jpg,Wikimedia Commons,CC BY-SA 4.0,Markus G. Klötzer,Abermawr by Markus G. Klötzer (CC BY-SA 4.0),5184,3456,Abermawr beach
abermawr,https://upload.wikimedia.org/wikipedia/commons/1/1c/Abermawr_%28MGK28275%29.jpg,Wikimedia Commons,CC BY-SA 4.0,Markus G. Klötzer,Abermawr by Markus G. Klötzer (CC BY-SA 4.0),5184,3456,beach
abermawr,https://upload.wikimedia.org/wikipedia/commons/7/7e/Abermawr_%28MGK28309%29.jpg,Wikimedia Commons,CC BY-SA 4.0,Markus G. Klötzer,Abermawr by Markus G. Klötzer (CC BY-SA 4.0),5184,3456,beach
druidston-haven,https://upload.wikimedia.org/wikipedia/commons/0/0b/Almost_%2848403146406%29.jpg,Wikimedia Commons,CC BY 2.0,Phil Dolby,Druidston Haven by Phil Dolby (CC BY 2.0),5456,3632,"Druidston Haven, Pembrokeshire, Wales, UK"
druidston-haven,https://upload.wikimedia.org/wikipedia/commons/6/61/By_The_Light_Of_The_Moon_%2822036255571%29.jpg,Wikimedia Commons,CC BY 2.0,Phil Dolby,Druidston Haven by Phil Dolby (CC BY 2.0),5456,3632,"Druidston Haven, Pembrokeshire, Wales, UK"
druidston-haven,https://upload.wikimedia.org/wikipedia/commons/7/77/Cliff_tops_above_Druidston_Haven%2C_Pembrokeshire_-_geograph.org.uk_-_2075554.jpg,Wikimedia Commons,CC BY-SA 2.0,nick macneill,"Cliff tops above Druidston Haven, Pembrokeshire by nick macneill",1600,1200,"Cliff tops above Druidston Haven, Pembrokeshire"
druidston-haven,https://upload.wikimedia.org/wikipedia/commons/6/6f/Composite_Thinking_%2826131569833%29.jpg,Wikimedia Commons,CC BY 2.0,Phil Dolby,Druidston Haven by Phil Dolby (CC BY 2.0),3093,2050,"Druidston Haven, Pembrokeshire, Wales, UK"
druidston-haven,https://upload.wikimedia.org/wikipedia/commons/3/39/Druidston_Haven_from_Druidston_Chins_%28geograph_7560060%29.jpg,Wikimedia Commons,CC BY-SA 2.0,Simon Mortimer,Simon Mortimer,4032,3024,Druidston Haven from Druidston Chins. Looking north at low tide.
druidston-haven,https://upload.wikimedia.org/wikipedia/commons/9/98/Druidston_Haven_from_the_Pembrokeshire_Coast_Path_-_geograph.org.uk_-_6032266.jpg,Wikimedia Commons,CC BY-SA 2.0,Simon Mortimer,Druidston Haven from the Pembrokeshire Coast Path by Simon Mortimer,6000,4000,Druidston Haven from the Pembrokeshire Coast Path
druidston-haven,https://upload.wikimedia.org/wikipedia/commons/6/6f/In_The_Channel_%2820958639268%29.jpg,Wikimedia Commons,CC BY 2.0,Phil Dolby,Druidston Haven by Phil Dolby (CC BY 2.0),5456,3632,"Druidston Haven, Pembrokeshire, Wales, UK"
druidston-haven,https://upload.wikimedia.org/wikipedia/commons/a/a1/Infinity_%2821332912592%29.jpg,Wikimedia Commons,CC BY 2.0,Phil Dolby,Druidston Haven by Phil Dolby (CC BY 2.0),5456,3632,"Druidston Haven, Pembrokeshire, Wales, UK"
druidston-haven,https://upload.wikimedia.org/wikipedia/commons/f/f0/Jake_%26_Freddie_%2824267675275%29.jpg,Wikimedia Commons,CC BY 2.0,Phil Dolby,Druidston Haven by Phil Dolby (CC BY 2.0),4592,2587,"Druidston Haven, Pembrokeshire, Wales, UK"
druidston-haven,https://upload.wikimedia.org/wikipedia/commons/2/2e/Pembrokeshire_Coast_Path_near_Druidston_Haven_-_geograph.org.uk_-_7302980.jpg,Wikimedia Commons,CC BY-SA 2.0,Eirian Evans,Pembrokeshire Coast Path near Druidston Haven by Eirian Evans,4000,3000,Pembrokeshire Coast Path near Druidston Haven
little-haven,https://upload.wikimedia.org/wikipedia/commons/f/f1/Little_Haven_Pembrokeshire_Wales_03.JPG,Wikimedia Commons,CC BY-SA 3.0,Wici Rhuthun 1,Little Haven by Wici Rhuthun 1 (CC BY-SA 3.0),4272,2848,The beach at Little Haven Pembrokeshire Wales
little-haven,https://upload.wikimedia.org/wikipedia/commons/e/ef/Little_Haven_Pembrokeshire_Wales_04.JPG,Wikimedia Commons,CC BY-SA 3.0,Wici Rhuthun 1,Little Haven by Wici Rhuthun 1 (CC BY-SA 3.0),4272,2848,The beach at Little Haven Pembrokeshire Wales
little-haven,https://upload.wikimedia.org/wikipedia/commons/4/43/Little_Haven_Pembrokeshire_Wales_06.JPG,Wikimedia Commons,CC BY-SA 3.0,Wici Rhuthun 1,Little Haven by Wici Rhuthun 1 (CC BY-SA 3.0),4272,2848,The beach at Little Haven Pembrokeshire Wales
little-haven,https://upload.wikimedia.org/wikipedia/commons/3/35/Little_Haven_Pembrokeshire_Wales_08.JPG,Wikimedia Commons,CC BY-SA 3.0,Wici Rhuthun 1,Little Haven by Wici Rhuthun 1 (CC BY-SA 3.0),4272,2848,The beach at Little Haven Pembrokeshire Wales
little-haven,https://upload.wikimedia.org/wikipedia/commons/6/65/Little_Haven_Pembrokeshire_Wales_12.JPG,Wikimedia Commons,CC BY-SA 3.0,Wici Rhuthun 1,Little Haven by Wici Rhuthun 1 (CC BY-SA 3.0),4272,2848,The beach at Little Haven Pembrokeshire Wales
little-haven,https://upload.wikimedia.org/wikipedia/commons/c/cb/Little_Haven_Pembrokeshire_Wales_13.JPG,Wikimedia Commons,CC BY-SA 3.0,Wici Rhuthun 1,Little Haven by Wici Rhuthun 1 (CC BY-SA 3.0),4272,2848,The beach at Little Haven Pembrokeshire Wales
little-haven,https://upload.wikimedia.org/wikipedia/commons/6/63/Little_Haven_Pembrokeshire_Wales_16.JPG,Wikimedia Commons,CC BY-SA 3.0,Wici Rhuthun 1,Little Haven by Wici Rhuthun 1 (CC BY-SA 3.0),4272,2848,The beach at Little Haven Pembrokeshire Wales
little-haven,https://upload.wikimedia.org/wikipedia/commons/f/f7/Little_Haven_Pembrokeshire_Wales_18.JPG,Wikimedia Commons,CC BY-SA 3.0,Wici Rhuthun 1,Little Haven by Wici Rhuthun 1 (CC BY-SA 3.0),4272,2848,The beach at Little Haven Pembrokeshire Wales
little-haven,https://upload.wikimedia.org/wikipedia/commons/a/a6/Little_Haven_Pembrokeshire_Wales_23.JPG,Wikimedia Commons,CC BY-SA 3.0,Wici Rhuthun 1,Little Haven by Wici Rhuthun 1 (CC BY-SA 3.0),4272,2848,The beach at Little Haven Pembrokeshire Wales
little-haven,https://upload.wikimedia.org/wikipedia/commons/8/81/Little_Haven_Pembrokeshire_Wales_24.JPG,Wikimedia Commons,CC BY-SA 3.0,Wici Rhuthun 1,Little Haven by Wici Rhuthun 1 (CC BY-SA 3.0),4272,2848,The beach at Little Haven Pembrokeshire Wales
west-angle-bay,https://upload.wikimedia.org/wikipedia/commons/6/6b/Beach%2C_south_side_of_West_Angle_Bay_-_geograph.org.uk_-_7915593.jpg,Wikimedia Commons,CC BY-SA 2.0,M J Roscoe,"Beach, south side of West Angle Bay by M J Roscoe",5179,3451,"Beach, south side of West Angle Bay"
west-angle-bay,https://upload.wikimedia.org/wikipedia/commons/0/0e/Beach_below_car_park%2C_West_Angle_Bay_-_geograph.org.uk_-_8222397.jpg,Wikimedia Commons,CC BY-SA 2.0,M J Roscoe,"Beach below car park, West Angle Bay by M J Roscoe",5184,3456,"Beach below car park, West Angle Bay"
west-angle-bay,https://upload.wikimedia.org/wikipedia/commons/3/38/Derelict_quarry_pit%2C_West_Angle_Bay_-_geograph.org.uk_-_7704238.jpg,Wikimedia Commons,CC BY-SA 2.0,M J Roscoe,"Derelict quarry pit, West Angle Bay by M J Roscoe",5179,3451,"Derelict quarry pit, West Angle Bay"
west-angle-bay,https://upload.wikimedia.org/wikipedia/commons/f/f8/Head_of_West_Angle_Bay_-_geograph.org.uk_-_8222600.jpg,Wikimedia Commons,CC BY-SA 2.0,M J Roscoe,Head of West Angle Bay by M J Roscoe,5184,3456,Head of West Angle Bay
west-angle-bay,https://upload.wikimedia.org/wikipedia/commons/7/78/Rock_ridges%2C_entrance_to_West_Angle_Bay_-_geograph.org.uk_-_7916077.jpg,Wikimedia Commons,CC BY-SA 2.0,M J Roscoe,"Rock ridges, entrance to West Angle Bay by M J Roscoe",5184,3456,"Rock ridges, entrance to West Angle Bay"
west-angle-bay,https://upload.wikimedia.org/wikipedia/commons/0/0d/Seafront_path%2C_West_Angle_Bay_-_geograph.org.uk_-_7710622.jpg,Wikimedia Commons,CC BY-SA 2.0,M J Roscoe,"Seafront path, West Angle Bay by M J Roscoe",5184,3456,"Seafront path, West Angle Bay"
west-angle-bay,https://upload.wikimedia.org/wikipedia/commons/e/ea/St_Ann%27s_Head_from_West_Angle_Bay_-_geograph.org.uk_-_2398351.jpg,Wikimedia Commons,CC BY-SA 2.0,Ian Paterson,St Ann's Head from West Angle Bay by Ian Paterson,2048,1536,St Ann's Head from West Angle Bay
west-angle-bay,https://upload.wikimedia.org/wikipedia/commons/7/74/The_Pembrokeshire_Coast_Path_at_West_Angle_Bay_-_geograph.org.uk_-_5424933.jpg,Wikimedia Commons,CC BY-SA 2.0,Dave Kelly,The Pembrokeshire Coast Path at West Angle Bay by Dave Kelly,4608,3456,The Pembrokeshire Coast Path at West Angle Bay
west-angle-bay,https://upload.wikimedia.org/wikipedia/commons/5/59/The_Pembrokeshire_Coast_Path_at_West_Angle_Bay_-_geograph.org.uk_-_5424937.jpg,Wikimedia Commons,CC BY-SA 2.0,Dave Kelly,The Pembrokeshire Coast Path at West Angle Bay by Dave Kelly,4608,3456,The Pembrokeshire Coast Path at West Angle Bay
west-angle-bay,https://upload.wikimedia.org/wikipedia/commons/0/0c/The_Pembrokeshire_Coast_Path_near_West_Angle_Bay_-_geograph.org.uk_-_5417345.jpg,Wikimedia Commons,CC BY-SA 2.0,Dave Kelly,The Pembrokeshire Coast Path near West Angle Bay by Dave Kelly,4608,3456,The Pembrokeshire Coast Path near West Angle Bay
lydstep-haven,https://upload.wikimedia.org/wikipedia/commons/8/8d/PEMBROKESHIRE_LYDSTEP._GENERAL_VIEW._TO_CARAVAN_SITE_SQUIBBS_RP_%2850635832021%29.jpg,Wikimedia Commons,Public domain,Mark Crombie,Lydstep Haven by Mark Crombie (Public domain),1472,920,PEMBROKESHIRE LYDSTEP. GENERAL VIEW. TO CARAVAN SITE SQUIBBS RP
lydstep-haven,https://upload.wikimedia.org/wikipedia/commons/a/ae/Pembrokeshire_Coast.jpg,Wikimedia Commons,CC BY-SA 4.0,Lfrancescp,Lydstep Haven by Lfrancescp (CC BY-SA 4.0),2935,3898,Coastline Pembrokeshire
lydstep-haven,https://upload.wikimedia.org/wikipedia/commons/8/87/Pembrokeshire_Coast_Path_at_Lydstep_Haven_-_geograph.org.uk_-_4321342.jpg,Wikimedia Commons,CC BY-SA 2.0,Ian S,Pembrokeshire Coast Path at Lydstep Haven by Ian S,1600,1062,Pembrokeshire Coast Path at Lydstep Haven
lydstep-haven,https://upload.wikimedia.org/wikipedia/commons/8/84/Pembrokeshire_Coast_Path_at_Lydstep_Haven_-_geograph.org.uk_-_4321345.jpg,Wikimedia Commons,CC BY-SA 2.0,Ian S,Pembrokeshire Coast Path at Lydstep Haven by Ian S,1600,1062,Pembrokeshire Coast Path at Lydstep Haven
lydstep-haven,https://upload.wikimedia.org/wikipedia/commons/0/00/Pembrokeshire_Coast_Path_at_Lydstep_Haven_-_geograph.org.uk_-_4321366.jpg,Wikimedia Commons,CC BY-SA 2.0,Ian S,Pembrokeshire Coast Path at Lydstep Haven by Ian S,1600,1062,Pembrokeshire Coast Path at Lydstep Haven
lydstep-haven,https://upload.wikimedia.org/wikipedia/commons/c/c9/Pembrokeshire_Coast_Path_towards_Lydstep_Haven_-_geograph.org.uk_-_4320992.jpg,Wikimedia Commons,CC BY-SA 2.0,Ian S,Pembrokeshire Coast Path towards Lydstep Haven by Ian S,1600,1062,Pembrokeshire Coast Path towards Lydstep Haven
lydstep-haven,https://upload.wikimedia.org/wikipedia/commons/f/fb/Pembrokeshire_Coast_Path_towards_Lydstep_Haven_-_geograph.org.uk_-_4321054.jpg,Wikimedia Commons,CC BY-SA 2.0,Ian S,Pembrokeshire Coast Path towards Lydstep Haven by Ian S,1600,1062,Pembrokeshire Coast Path towards Lydstep Haven
lydstep-haven,https://upload.wikimedia.org/wikipedia/commons/0/03/Pembrokeshire_Coast_Path_towards_Lydstep_Haven_-_geograph.org.uk_-_4321326.jpg,Wikimedia Commons,CC BY-SA 2.0,Ian S,Pembrokeshire Coast Path towards Lydstep Haven by Ian S,1600,1062,Pembrokeshire Coast Path towards Lydstep Haven
lydstep-haven,https://upload.wikimedia.org/wikipedia/commons/7/76/Pembrokeshire_Coast_Path_towards_Lydstep_Haven_-_geograph.org.uk_-_4321328.jpg,Wikimedia Commons,CC BY-SA 2.0,Ian S,Pembrokeshire Coast Path towards Lydstep Haven by Ian S,1600,1062,Pembrokeshire Coast Path towards Lydstep Haven
lydstep-haven,https://upload.wikimedia.org/wikipedia/commons/f/f0/Pembrokeshire_Coast_Path_towards_Lydstep_Haven_-_geograph.org.uk_-_4321330.jpg,Wikimedia Commons,CC BY-SA 2.0,Ian S,Pembrokeshire Coast Path towards Lydstep Haven by Ian S,1600,1062,Pembrokeshire Coast Path towards Lydstep Haven
amroth,https://upload.wikimedia.org/wikipedia/commons/0/02/Amroth_promenade_view_with_old_cars_%26_buildings_%28_Squibb%29_postcard_Pembrokeshire_%2850635086243%29.jpg,Wikimedia Commons,Public domain,Mark Crombie,Amroth by Mark Crombie (Public domain),1328,819,Amroth promenade view with old cars &amp; buildings ( Squibb) postcard Pembrokeshire
amroth,https://upload.wikimedia.org/wikipedia/commons/f/f4/PEMBROKESHIRE_AMROTH_FROM_THE_SANDS._RP_%2850635083133%29.jpg,Wikimedia Commons,Public domain,Mark Crombie,Amroth by Mark Crombie (Public domain),1566,984,PEMBROKESHIRE AMROTH FROM THE SANDS. RP
amroth,https://upload.wikimedia.org/wikipedia/commons/0/00/Pembrokeshire_Coast_Path_Sign%2C_Amroth_-_geograph.org.uk_-_3214202.jpg,Wikimedia Commons,CC BY-SA 2.0,welshbabe,"Pembrokeshire Coast Path Sign, Amroth by welshbabe",2576,1932,"Pembrokeshire Coast Path Sign, Amroth"
amroth,https://upload.wikimedia.org/wikipedia/commons/e/e0/Pembrokeshire_Coast_Path_Signpost%2C_Amroth_-_geograph.org.uk_-_3214161.jpg,Wikimedia Commons,CC BY-SA 2.0,welshbabe,"Pembrokeshire Coast Path Signpost, Amroth by welshbabe",2576,1932,"Pembrokeshire Coast Path Signpost, Amroth"
amroth,https://upload.wikimedia.org/wikipedia/commons/9/9b/Pembrokeshire_coast_path_at_Amroth_-_geograph.org.uk_-_3908322.jpg,Wikimedia Commons,CC BY-SA 2.0,Ruth Sharville,Pembrokeshire coast path at Amroth by Ruth Sharville,2531,1902,Pembrokeshire coast path at Amroth
amroth,https://upload.wikimedia.org/wikipedia/commons/0/06/The_Pembrokeshire_Coast_Path_at_Amroth_-_geograph.org.uk_-_5400788.jpg,Wikimedia Commons,CC BY-SA 2.0,Dave Kelly,The Pembrokeshire Coast Path at Amroth by Dave Kelly,4608,3456,The Pembrokeshire Coast Path at Amroth
amroth,https://upload.wikimedia.org/wikipedia/commons/9/9c/Amroth_-_one_end_of_the_Pembrokeshire_Coast_Path_-_geograph.org.uk_-_4819193.jpg,Wikimedia Commons,CC BY-SA 2.0,welshbabe,Amroth - one end of the Pembrokeshire Coast Path by welshbabe,2576,1932,Amroth - one end of the Pembrokeshire Coast Path
amroth,https://upload.wikimedia.org/wikipedia/commons/0/03/Amroth_-_one_end_of_the_Pembrokeshire_Coast_Path_-_geograph.org.uk_-_4819203.jpg,Wikimedia Commons,CC BY-SA 2.0,welshbabe,Amroth - one end of the Pembrokeshire Coast Path by welshbabe,2576,1932,Amroth - one end of the Pembrokeshire Coast Path
amroth,https://upload.wikimedia.org/wikipedia/commons/0/02/Amroth_-_one_end_of_the_Pembrokeshire_Coast_Path_-_geograph.org.uk_-_4819241.jpg,Wikimedia Commons,CC BY-SA 2.0,welshbabe,Amroth - one end of the Pembrokeshire Coast Path by welshbabe,2576,1932,Amroth - one end of the Pembrokeshire Coast Path
amroth,https://upload.wikimedia.org/wikipedia/commons/6/62/Pembrokeshire_Coastal_Path_Information_Pillar%2C_Amroth_-_geograph.org.uk_-_3214170.jpg,Wikimedia Commons,CC BY-SA 2.0,welshbabe,"Pembrokeshire Coastal Path Information Pillar, Amroth by welshbabe",2576,1932,"Pembrokeshire Coastal Path Information Pillar, Amroth"
rhossili-bay,https://upload.wikimedia.org/wikipedia/commons/8/88/Gower_Coastline_-_geograph.org.uk_-_7304295.jpg,Wikimedia Commons,CC BY-SA 2.0,Ben Meyrick,Gower Coastline by Ben Meyrick,4032,3024,Gower Coastline
rhossili-bay,https://upload.wikimedia.org/wikipedia/commons/0/0e/Gower_Peninsula_from_Worms_Head.jpg,Wikimedia Commons,CC BY-SA 4.0,Will Robson,Rhossili Bay by Will Robson (CC BY-SA 4.0),5472,3648,"The Gower Peninsula, South Wales area of protected landscape and surfing"
rhossili-bay,https://upload.wikimedia.org/wikipedia/commons/d/d5/Gower_coast_%28geograph_6786246%29.jpg,Wikimedia Commons,CC BY-SA 2.0,Alan Hughes,Alan Hughes,3897,2922,Gower coast. This area of the coast is characterised by rocky inlets cut into the limestone cliffs.
rhossili-bay,https://upload.wikimedia.org/wikipedia/commons/c/ca/Welsh_Black_cattle%2C_Gower%2C_Wales.jpg,Wikimedia Commons,CC BY-SA 4.0,Vouliagmeni,Rhossili Bay by Vouliagmeni (CC BY-SA 4.0),4032,3024,"Welsh Black cattle near Rhossili, Gower, Wales standing behind a dry stone wall"
rhossili-bay,https://upload.wikimedia.org/wikipedia/commons/7/78/Aerial_view_of_Rhossili_Bay%2C_Rhossili%2C_Penrhyn_G%C5%B5yr%2C_Cymru_%28Wales%29_09.jpg,Wikimedia Commons,CC BY-SA 4.0,Llywelyn2000,Rhossili Bay by Llywelyn2000 (CC BY-SA 4.0),4032,3024,"Aerial view of Rhossili Bay, Rhossili, Penrhyn Gŵyr (Gower Peninsula), Cymru (Wales)"
rhossili-bay,https://upload.wikimedia.org/wikipedia/commons/6/61/Gower_Peninsula_-_Rhossili_Bay_-_A_sheep_having_no_fear_of_the_steep_slopes_-_geograph.org.uk_-_8203837.jpg,Wikimedia Commons,CC BY-SA 2.0,Chris Gorringe,Gower Peninsula - Rhossili Bay - A sheep having no fear of the steep slopes by Chris Gorringe,4288,2848,Gower Peninsula - Rhossili Bay - A sheep having no fear of the steep slopes
rhossili-bay,https://upload.wikimedia.org/wikipedia/commons/d/de/Gower_Peninsula_-_Rhossili_Bay_-_geograph.org.uk_-_8203831.jpg,Wikimedia Commons,CC BY-SA 2.0,Chris Gorringe,Gower Peninsula - Rhossili Bay by Chris Gorringe,4200,2790,Gower Peninsula - Rhossili Bay
rhossili-bay,https://upload.wikimedia.org/wikipedia/commons/7/7f/Rhossili_Bay%2C_Gower%2C_Wales_%2825026114886%29.jpg,Wikimedia Commons,CC BY 2.0,"Jeremy Segrott from Cardiff, Wales, UK","Rhossili Bay by Jeremy Segrott from Cardiff, Wales, UK (CC BY 2.0)",5184,3456,Rhossili Bay looking fine in the winter sunshine.
rhossili-bay,https://upload.wikimedia.org/wikipedia/commons/6/6b/Rhossili_Bay_%285366%29.jpg,Wikimedia Commons,CC BY-SA 4.0,Nilfanion,Rhossili Bay by Nilfanion (CC BY-SA 4.0),4288,2848,Rhossili Bay
rhossili-bay,https://upload.wikimedia.org/wikipedia/commons/a/a0/Rhossili_Bay_%285369%29.jpg,Wikimedia Commons,CC BY-SA 4.0,Nilfanion,Rhossili Bay by Nilfanion (CC BY-SA 4.0),4288,2848,Rhossili Bay
three-cliffs-bay,https://upload.wikimedia.org/wikipedia/commons/e/e5/Approaching_Three_Cliffs_Bay%2C_Gower_Peninsula_Wales.jpg,Wikimedia Commons,CC BY-SA 4.0,Keith Lawson 11,Three Cliffs Bay by Keith Lawson 11 (CC BY-SA 4.0),6960,4640,Gower Peninsula Area of outstanding beauty in Wales. What 3 words worth.shepherdess.cycles
three-cliffs-bay,https://upload.wikimedia.org/wikipedia/commons/3/3c/Bae_y_Tri_Chlogwyn_%E2%80%93_Three_Cliffs_Bay.jpg,Wikimedia Commons,CC0,Alex-e-kershaw,Three Cliffs Bay by Alex-e-kershaw (CC0),4160,3120,Three Cliffs Bay is a sandy inlet on the southern side of the Gower Peninsula. A stream winds along it to join the sea where the sand meets the salt water.
three-cliffs-bay,https://upload.wikimedia.org/wikipedia/commons/d/d7/Beautiful_Three_Cliffs_Bay%2C_Gower_Peninsula_Wales.jpg,Wikimedia Commons,CC BY-SA 4.0,Keith Lawson 11,Three Cliffs Bay by Keith Lawson 11 (CC BY-SA 4.0),6791,4527,Gower Peninsula Area of outstanding beauty in Wales. What 3 words worth.shepherdess.cycles
three-cliffs-bay,https://upload.wikimedia.org/wikipedia/commons/9/9c/Gower_-_Three_Cliffs_Bay_-_geograph.org.uk_-_6661137.jpg,Wikimedia Commons,CC BY-SA 2.0,Colin Smith,Gower - Three Cliffs Bay by Colin Smith,5152,3864,Gower - Three Cliffs Bay
three-cliffs-bay,https://upload.wikimedia.org/wikipedia/commons/9/95/Morning_Sun_at_Three_Cliffs_Bay%2C_Gower.jpg,Wikimedia Commons,CC BY-SA 4.0,Mjw999,Three Cliffs Bay by Mjw999 (CC BY-SA 4.0),4032,3024,"View overlooking Three Cliffs Bay in Gower, Wales, on a sunny winter’s morning"
three-cliffs-bay,https://upload.wikimedia.org/wikipedia/commons/a/a7/The_Gower_-_Three_Cliffs_-_2022-08-21_-_1.jpg,Wikimedia Commons,CC BY-SA 4.0,The wub,Three Cliffs Bay by The wub (CC BY-SA 4.0),3872,2178,"Three Cliffs Bay, The Gower, Wales"
three-cliffs-bay,https://upload.wikimedia.org/wikipedia/commons/0/03/The_Gower_-_Three_Cliffs_-_2022-08-21_-_3.jpg,Wikimedia Commons,CC BY-SA 4.0,The wub,Three Cliffs Bay by The wub (CC BY-SA 4.0),3024,4032,"Three Cliffs Bay, The Gower, Wales"
three-cliffs-bay,https://upload.wikimedia.org/wikipedia/commons/a/a0/The_Gower_-_Three_Cliffs_-_2022-08-21_-_4.jpg,Wikimedia Commons,CC BY-SA 4.0,The wub,Three Cliffs Bay by The wub (CC BY-SA 4.0),4032,2268,"Three Cliffs Bay, The Gower, Wales"
three-cliffs-bay,https://upload.wikimedia.org/wikipedia/commons/d/dd/The_Gower_-_Three_Cliffs_-_2022-08-21_-_5.jpg,Wikimedia Commons,CC BY-SA 4.0,The wub,Three Cliffs Bay by The wub (CC BY-SA 4.0),4032,3024,"Three Cliffs Bay, The Gower, Wales"
three-cliffs-bay,https://upload.wikimedia.org/wikipedia/commons/0/00/The_Gower_-_Three_Cliffs_-_2022-08-21_-_6.jpg,Wikimedia Commons,CC BY-SA 4.0,The wub,Three Cliffs Bay by The wub (CC BY-SA 4.0),4032,3024,"Three Cliffs Bay, The Gower, Wales"
oxwich-bay,https://upload.wikimedia.org/wikipedia/commons/3/3c/Bae_y_Tri_Chlogwyn_%E2%80%93_Three_Cliffs_Bay.jpg,Wikimedia Commons,CC0,Alex-e-kershaw,Oxwich Bay by Alex-e-kershaw (CC0),4160,3120,Three Cliffs Bay is a sandy inlet on the southern side of the Gower Peninsula. A stream winds along it to join the sea where the sand meets the salt water.
oxwich-bay,https://upload.wikimedia.org/wikipedia/commons/f/f1/Edward_Ingram_Taylor_%281855-1923%29_-_Oxwich_Bay%2C_Gower_-_GV_1976.2_-_Glynn_Vivian_Art_Gallery.jpg,Wikimedia Commons,Public domain,Edward Ingram Taylor,Oxwich Bay by Edward Ingram Taylor (Public domain),1200,959,
oxwich-bay,https://upload.wikimedia.org/wikipedia/commons/9/95/Morning_Sun_at_Three_Cliffs_Bay%2C_Gower.jpg,Wikimedia Commons,CC BY-SA 4.0,Mjw999,Oxwich Bay by Mjw999 (CC BY-SA 4.0),4032,3024,"View overlooking Three Cliffs Bay in Gower, Wales, on a sunny winter’s morning"
oxwich-bay,https://upload.wikimedia.org/wikipedia/commons/7/7f/Oxwich_Bay_from_the_Gower_Way_-_geograph.org.uk_-_6908736.jpg,Wikimedia Commons,CC BY-SA 2.0,Des Blenkinsopp,Oxwich Bay from the Gower Way by Des Blenkinsopp,5472,3648,Oxwich Bay from the Gower Way
oxwich-bay,https://upload.wikimedia.org/wikipedia/commons/4/49/Oxwich_bay_Gower_-_geograph.org.uk_-_7031304.jpg,Wikimedia Commons,CC BY-SA 2.0,Peter Fewings,Oxwich bay Gower by Peter Fewings,1024,768,Oxwich bay Gower
oxwich-bay,https://upload.wikimedia.org/wikipedia/commons/c/cc/South_Gower_Coastline.jpg,Wikimedia Commons,CC BY-SA 4.0,CaecilianMurphy99,Oxwich Bay by CaecilianMurphy99 (CC BY-SA 4.0),4608,3456,"A view across the Southern coast of the Gower Peninsula, including Langland, Caswell, and in the far distance, Oxwich Bay. This is one of the most biodiverse places in the whole of the British Isles. Black Pill SSSI,Newton, 51.5666444,-4.0011451"
oxwich-bay,https://upload.wikimedia.org/wikipedia/commons/b/b3/Three_Cliffs_Bay%2C_Gower.jpg,Wikimedia Commons,CC BY-SA 4.0,Mjw999,Oxwich Bay by Mjw999 (CC BY-SA 4.0),4032,3024,"View overlooking Three Cliffs Bay in Gower, Wales"
oxwich-bay,https://upload.wikimedia.org/wikipedia/commons/d/d8/Oxwich_Bay_from_Pwlldu_Head_%28geograph_6274664%29.jpg,Wikimedia Commons,CC BY-SA 2.0,Alan Hughes,Alan Hughes,3264,2448,Oxwich Bay from Pwlldu Head. View along the South Gower Coast towards Oxwich.
oxwich-bay,https://upload.wikimedia.org/wikipedia/commons/f/fb/Sign_near_Oxwich_Point_%285188%29.jpg,Wikimedia Commons,CC BY-SA 4.0,Nilfanion,Oxwich Bay by Nilfanion (CC BY-SA 4.0),4288,2848,Sign near Oxwich Point
oxwich-bay,https://upload.wikimedia.org/wikipedia/commons/e/e7/Wales_Coast_Path_near_Oxwich_Point_%285170%29.jpg,Wikimedia Commons,CC BY-SA 4.0,Nilfanion,Oxwich Bay by Nilfanion (CC BY-SA 4.0),4288,2848,Wales Coast Path near Oxwich Point
caswell-bay,https://upload.wikimedia.org/wikipedia/commons/b/bb/Caswell_Bay%2C_Gower%2C_Spring_2021.jpg,Wikimedia Commons,CC BY-SA 4.0,Plishman,Caswell Bay by Plishman (CC BY-SA 4.0),4608,2128,"A view over Caswell Bay, south side of the Gower Peninsula, South Wales, UK."
caswell-bay,https://upload.wikimedia.org/wikipedia/commons/5/55/Caswell_Bay%2C_Gower_-_geograph.org.uk_-_6459925.jpg,Wikimedia Commons,CC BY-SA 2.0,Colin Park,"Caswell Bay, Gower by Colin Park",1799,1199,"Caswell Bay, Gower"
caswell-bay,https://upload.wikimedia.org/wikipedia/commons/b/b6/Caswell_Path.jpg,Wikimedia Commons,CC BY-SA 4.0,BlaizeX1,Caswell Bay by BlaizeX1 (CC BY-SA 4.0),3322,2063,"The coastal footpath from Caswell Bay to Langland Bay in Gower, Wales."
caswell-bay,https://upload.wikimedia.org/wikipedia/commons/e/e2/First_Cymru_44625_on_route_2C_at_Caswell_Bay%2C_Gower_Peninsula_%2817564301858%29.jpg,Wikimedia Commons,CC BY 2.0,Ed Webster,Caswell Bay by Ed Webster (CC BY 2.0),2880,1623,"First Cymru 44625 YX14 RVV on route 2C at Caswell Bay, Gower Peninsula"
caswell-bay,https://upload.wikimedia.org/wikipedia/commons/c/cc/South_Gower_Coastline.jpg,Wikimedia Commons,CC BY-SA 4.0,CaecilianMurphy99,Caswell Bay by CaecilianMurphy99 (CC BY-SA 4.0),4608,3456,"A view across the Southern coast of the Gower Peninsula, including Langland, Caswell, and in the far distance, Oxwich Bay. This is one of the most biodiverse places in the whole of the British Isles. Black Pill SSSI,Newton, 51.5666444,-4.0011451"
caswell-bay,https://upload.wikimedia.org/wikipedia/commons/1/15/Waves._-_Flickr_-_ohefin.jpg,Wikimedia Commons,CC BY-SA 2.0,Hefin Owen from Wales,Caswell Bay by Hefin Owen from Wales (CC BY-SA 2.0),1600,1200,At Caswell bay on the Gower.
caswell-bay,https://upload.wikimedia.org/wikipedia/commons/e/e9/CaswellBay.JPG,Wikimedia Commons,CC BY-SA 3.0,Lukeas09 (talk),Caswell Bay by Lukeas09 (talk) (CC BY-SA 3.0),3872,2592,"Caswell Bay in Swansea, Wales in 2008."
caswell-bay,https://upload.wikimedia.org/wikipedia/commons/c/ca/Caswell_Bay_3.jpg,Wikimedia Commons,CC BY-SA 3.0,Tiia Monto,Caswell Bay by Tiia Monto (CC BY-SA 3.0),2053,5097,Sign and dog poop bin in Caswell bay.
caswell-bay,https://upload.wikimedia.org/wikipedia/commons/2/24/Caswell_Bay_Banner.jpg,Wikimedia Commons,CC BY 2.0,"File:Caswell Bay.jpg: Catrin Austin from Manchester, UK

derivative work: Lkcl it","Caswell Bay by File:Caswell Bay.jpg: Catrin Austin from Manchester, UK

derivative work: Lkcl it (CC BY 2.0)",3885,555,banner per voy
caswell-bay,https://upload.wikimedia.org/wikipedia/commons/7/7e/Caswell_bay%2C_near_Swansea.jpeg,Wikimedia Commons,Public domain,J. Newman &amp; Co.,Caswell Bay by J. Newman &amp; Co. (Public domain),1149,986,A view of small boats at Caswell bay with rocks on the peripheries and clusters of birds in the sky.
langland-bay,https://upload.wikimedia.org/wikipedia/commons/b/b6/Caswell_Path.jpg,Wikimedia Commons,CC BY-SA 4.0,BlaizeX1,Langland Bay by BlaizeX1 (CC BY-SA 4.0),3322,2063,"The coastal footpath from Caswell Bay to Langland Bay in Gower, Wales."
langland-bay,https://upload.wikimedia.org/wikipedia/commons/3/30/Langland_Bay%2C_Gower%2C_near_Rothers_Torr_-_geograph.org.uk_-_2719344.jpg,Wikimedia Commons,CC BY-SA 2.0,Gareth James,"Langland Bay, Gower, near Rothers Torr by Gareth James",4000,3000,"Langland Bay, Gower, near Rothers Torr"
langland-bay,https://upload.wikimedia.org/wikipedia/commons/e/e3/Langland_Bay%2C_Gower_-_geograph.org.uk_-_2719342.jpg,Wikimedia Commons,CC BY-SA 2.0,Gareth James,"Langland Bay, Gower by Gareth James",4000,3000,"Langland Bay, Gower"
langland-bay,https://upload.wikimedia.org/wikipedia/commons/9/93/Langland_Bay%2C_Gower_-_geograph.org.uk_-_2719347.jpg,Wikimedia Commons,CC BY-SA 2.0,Gareth James,"Langland Bay, Gower by Gareth James",4000,3000,"Langland Bay, Gower"
langland-bay,https://upload.wikimedia.org/wikipedia/commons/f/f3/Langland_Bay%2C_Gower_-_geograph.org.uk_-_2719353.jpg,Wikimedia Commons,CC BY-SA 2.0,Gareth James,"Langland Bay, Gower by Gareth James",4000,3000,"Langland Bay, Gower"
langland-bay,https://upload.wikimedia.org/wikipedia/commons/6/6f/Langland_Bay%2C_Gower_-_geograph.org.uk_-_2719358.jpg,Wikimedia Commons,CC BY-SA 2.0,Gareth James,"Langland Bay, Gower by Gareth James",4000,3000,"Langland Bay, Gower"
langland-bay,https://upload.wikimedia.org/wikipedia/commons/8/88/South_Gower_Coast_%28geograph_6277913%29.jpg,Wikimedia Commons,CC BY-SA 2.0,Alan Hughes,Alan Hughes,3102,2326,South Gower Coast. View westwards along the Gower Coast with Langland Bay just visible around the headland.
langland-bay,https://upload.wikimedia.org/wikipedia/commons/c/cc/South_Gower_Coastline.jpg,Wikimedia Commons,CC BY-SA 4.0,CaecilianMurphy99,Langland Bay by CaecilianMurphy99 (CC BY-SA 4.0),4608,3456,"A view across the Southern coast of the Gower Peninsula, including Langland, Caswell, and in the far distance, Oxwich Bay. This is one of the most biodiverse places in the whole of the British Isles. Black Pill SSSI,Newton, 51.5666444,-4.0011451"
langland-bay,https://upload.wikimedia.org/wikipedia/commons/1/13/Langland_Bay.jpg,Wikimedia Commons,CC BY-SA 3.0,Tiia Monto,Langland Bay by Tiia Monto (CC BY-SA 3.0),7399,2892,Langland Bay.
langland-bay,https://upload.wikimedia.org/wikipedia/commons/7/7e/Langland_Bay_in_April.jpg,Wikimedia Commons,CC BY-SA 4.0,CaecilianMurphy99,Langland Bay by CaecilianMurphy99 (CC BY-SA 4.0),4608,3456,"Langland bay is one of the most renowned beaches in the Gower Peninsula. Its castle, green cliffs and yellow sands."
pobbles-bay,https://upload.wikimedia.org/wikipedia/commons/e/e5/Approaching_Three_Cliffs_Bay%2C_Gower_Peninsula_Wales.jpg,Wikimedia Commons,CC BY-SA 4.0,Keith Lawson 11,Pobbles Bay by Keith Lawson 11 (CC BY-SA 4.0),6960,4640,Gower Peninsula Area of outstanding beauty in Wales. What 3 words worth.shepherdess.cycles
pobbles-bay,https://upload.wikimedia.org/wikipedia/commons/3/3c/Bae_y_Tri_Chlogwyn_%E2%80%93_Three_Cliffs_Bay.jpg,Wikimedia Commons,CC0,Alex-e-kershaw,Pobbles Bay by Alex-e-kershaw (CC0),4160,3120,Three Cliffs Bay is a sandy inlet on the southern side of the Gower Peninsula. A stream winds along it to join the sea where the sand meets the salt water.
pobbles-bay,https://upload.wikimedia.org/wikipedia/commons/d/d7/Beautiful_Three_Cliffs_Bay%2C_Gower_Peninsula_Wales.jpg,Wikimedia Commons,CC BY-SA 4.0,Keith Lawson 11,Pobbles Bay by Keith Lawson 11 (CC BY-SA 4.0),6791,4527,Gower Peninsula Area of outstanding beauty in Wales. What 3 words worth.shepherdess.cycles
pobbles-bay,https://upload.wikimedia.org/wikipedia/commons/b/b7/Looking_at_Three_Cliffs_Bay%2C_Gower_Peninsula_Wales.jpg,Wikimedia Commons,CC BY-SA 4.0,Keith Lawson 11,Pobbles Bay by Keith Lawson 11 (CC BY-SA 4.0),6960,4640,Gower Peninsula Area of outstanding beauty in Wales. What 3 words reserve.marathons.storyline
pobbles-bay,https://upload.wikimedia.org/wikipedia/commons/6/6a/Megan-_Three_Cliffs_Bay2.jpg,Wikimedia Commons,CC BY-SA 4.0,Megv1596,Pobbles Bay by Megv1596 (CC BY-SA 4.0),4032,3024,Three Cliffs Bay - The Gower
pobbles-bay,https://upload.wikimedia.org/wikipedia/commons/9/95/Morning_Sun_at_Three_Cliffs_Bay%2C_Gower.jpg,Wikimedia Commons,CC BY-SA 4.0,Mjw999,Pobbles Bay by Mjw999 (CC BY-SA 4.0),4032,3024,"View overlooking Three Cliffs Bay in Gower, Wales, on a sunny winter’s morning"
pobbles-bay,https://upload.wikimedia.org/wikipedia/commons/a/a7/The_Gower_-_Three_Cliffs_-_2022-08-21_-_1.jpg,Wikimedia Commons,CC BY-SA 4.0,The wub,Pobbles Bay by The wub (CC BY-SA 4.0),3872,2178,"Three Cliffs Bay, The Gower, Wales"
pobbles-bay,https://upload.wikimedia.org/wikipedia/commons/a/ac/The_Gower_-_Three_Cliffs_-_2022-08-21_-_2.jpg,Wikimedia Commons,CC BY-SA 4.0,The wub,Pobbles Bay by The wub (CC BY-SA 4.0),4032,3024,"Three Cliffs Bay, The Gower, Wales"
pobbles-bay,https://upload.wikimedia.org/wikipedia/commons/0/03/The_Gower_-_Three_Cliffs_-_2022-08-21_-_3.jpg,Wikimedia Commons,CC BY-SA 4.0,The wub,Pobbles Bay by The wub (CC BY-SA 4.0),3024,4032,"Three Cliffs Bay, The Gower, Wales"
pobbles-bay,https://upload.wikimedia.org/wikipedia/commons/a/a0/The_Gower_-_Three_Cliffs_-_2022-08-21_-_4.jpg,Wikimedia Commons,CC BY-SA 4.0,The wub,Pobbles Bay by The wub (CC BY-SA 4.0),4032,2268,"Three Cliffs Bay, The Gower, Wales"
tor-bay,https://upload.wikimedia.org/wikipedia/commons/f/fe/Morning_Sun_at_Tor_Bay%2C_Gower.jpg,Wikimedia Commons,CC BY-SA 4.0,Mjw999,Tor Bay by Mjw999 (CC BY-SA 4.0),4032,3024,"Morning Sunrise at Tor Bay beach in Gower, Wales"
port-eynon,https://upload.wikimedia.org/wikipedia/commons/c/c6/Camping_at_Gower_Farm_%28geograph_6880806%29.jpg,Wikimedia Commons,CC BY-SA 2.0,Philip Halling,Philip Halling,1600,1200,Camping at Gower Farm. Camping at Gower Farm in Llanddewi.
port-eynon,https://upload.wikimedia.org/wikipedia/commons/4/46/Gower_Farm_campsite_%28geograph_6880809%29.jpg,Wikimedia Commons,CC BY-SA 2.0,Philip Halling,Philip Halling,1600,1200,Gower Farm campsite. The facilities block at Gower Farm campsite at Llanddewi on the Gower.
port-eynon,https://upload.wikimedia.org/wikipedia/commons/4/40/Gower_coast_at_low_tide_%28geograph_7514021%29.jpg,Wikimedia Commons,CC BY-SA 2.0,Alan Hughes,Alan Hughes,4032,3024,Gower coast at low tide. Below Longhole Cave.
port-eynon,https://upload.wikimedia.org/wikipedia/commons/2/2c/Gower_coast_panorama_%28geograph_7514025%29.jpg,Wikimedia Commons,CC BY-SA 2.0,Alan Hughes,Alan Hughes,1280,462,Gower coast panorama. Viewed at low tide.
port-eynon,https://upload.wikimedia.org/wikipedia/commons/e/ed/South_Gower_coast_-_geograph.org.uk_-_7895042.jpg,Wikimedia Commons,CC BY-SA 2.0,Alan Hughes,South Gower coast by Alan Hughes,3859,2893,South Gower coast
port-eynon,https://upload.wikimedia.org/wikipedia/commons/d/d1/South_Gower_coast_near_Overton_-_geograph.org.uk_-_7895035.jpg,Wikimedia Commons,CC BY-SA 2.0,Alan Hughes,South Gower coast near Overton by Alan Hughes,2048,1536,South Gower coast near Overton
port-eynon,https://upload.wikimedia.org/wikipedia/commons/8/82/New_Adventure_Travel_YJ54_ZXT_on_route_117_at_Port_Eynon%2C_Gower_Peninsula_%2817564900339%29.jpg,Wikimedia Commons,CC BY 2.0,Ed Webster,Port Eynon by Ed Webster (CC BY 2.0),2880,1623,"New Adventure Travel YJ54 ZXT on route 117 at Port Eynon, Gower Peninsula"
port-eynon,https://upload.wikimedia.org/wikipedia/commons/2/2f/Port_Eynon_Bay.JPG,Wikimedia Commons,CC BY-SA 3.0,FruitMonkey (talk),FruitMonkey at English Wikipedia,2560,903,"Port Eynon Bay, Gower, Wales."
port-eynon,https://upload.wikimedia.org/wikipedia/commons/3/3c/Port_Eynon_or_Porth_Einon_beach_on_the_Gower_Coast_-_geograph.org.uk_-_6030631.jpg,Wikimedia Commons,CC BY-SA 2.0,Colin Cheesman,Port Eynon or Porth Einon beach on the Gower Coast by Colin Cheesman,1600,1060,Port Eynon or Porth Einon beach on the Gower Coast
port-eynon,https://upload.wikimedia.org/wikipedia/commons/0/0c/The_Beach_%283915449985%29.jpg,Wikimedia Commons,CC BY 2.0,"David Merrett from Daventry, England","Port Eynon by David Merrett from Daventry, England (CC BY 2.0)",2048,1362,"Port Eynon, The Gower,"
horton-beach,https://upload.wikimedia.org/wikipedia/commons/6/62/Gower_-_Horton_Beach_-_geograph.org.uk_-_6662130.jpg,Wikimedia Commons,CC BY-SA 2.0,Colin Smith,Gower - Horton Beach by Colin Smith,5152,3864,Gower - Horton Beach
horton-beach,https://upload.wikimedia.org/wikipedia/commons/f/f1/Gower_-_Horton_-_geograph.org.uk_-_6662128.jpg,Wikimedia Commons,CC BY-SA 2.0,Colin Smith,Gower - Horton by Colin Smith,5152,3864,Gower - Horton
horton-beach,https://upload.wikimedia.org/wikipedia/commons/1/1b/Gower_Coast_-_Horton_-_geograph.org.uk_-_6662136.jpg,Wikimedia Commons,CC BY-SA 2.0,Colin Smith,Gower Coast - Horton by Colin Smith,5152,3864,Gower Coast - Horton
horton-beach,https://upload.wikimedia.org/wikipedia/commons/1/13/Gower_Coast_-_Horton_-_geograph.org.uk_-_6662140.jpg,Wikimedia Commons,CC BY-SA 2.0,Colin Smith,Gower Coast - Horton by Colin Smith,5152,3864,Gower Coast - Horton
horton-beach,https://upload.wikimedia.org/wikipedia/commons/9/93/Gower_Coast_-_Horton_-_geograph.org.uk_-_6662155.jpg,Wikimedia Commons,CC BY-SA 2.0,Colin Smith,Gower Coast - Horton by Colin Smith,5152,3864,Gower Coast - Horton
llangennith,https://upload.wikimedia.org/wikipedia/commons/3/3c/New_Adventure_Travel_MX06_ABU_at_Llangennith%2C_Gower_Peninsula_%2817749086642%29.jpg,Wikimedia Commons,CC BY 2.0,Ed Webster,Llangennith (Rhossili North) by Ed Webster (CC BY 2.0),2880,1623,"New Adventure Travel MX06 ABU at Llangennith, Gower Peninsula"
llangennith,https://upload.wikimedia.org/wikipedia/commons/5/50/North_Gower_coast_-_geograph.org.uk_-_7426191.jpg,Wikimedia Commons,CC BY-SA 2.0,Alan Hughes,North Gower coast by Alan Hughes,3908,2931,North Gower coast
llangennith,https://upload.wikimedia.org/wikipedia/commons/2/2f/Swansea_Walks_-_Gower_Walks_-_geograph.org.uk_-_6665532.jpg,Wikimedia Commons,CC BY-SA 2.0,Colin Smith,Swansea Walks - Gower Walks by Colin Smith,2882,4878,Swansea Walks - Gower Walks
llangennith,https://upload.wikimedia.org/wikipedia/commons/a/a1/St_Ceynedd%27s_Church%2C_Llangennith%2C_The_Gower%2C_South_Wales.jpg,Wikimedia Commons,CC BY-SA 4.0,Rosser1954,Llangennith (Rhossili North) by Rosser1954 (CC BY-SA 4.0),4896,2752,"12th century Norman St Ceynedd's Church, Llangennith, The Gower, South Wales."
llangennith,https://upload.wikimedia.org/wikipedia/commons/7/7a/St_Ceynedd%27s_Holy_Well%2C_Llangennith%2C_The_Gower%2C_Swansea%2C_South_Wales.jpg,Wikimedia Commons,CC BY-SA 4.0,Rosser1954,Llangennith (Rhossili North) by Rosser1954 (CC BY-SA 4.0),4444,1839,"St Ceynedd's Holy Well, Llangennith, The Gower, Swansea, South Wales"
llangennith,https://upload.wikimedia.org/wikipedia/commons/0/07/St_Ceynedd%27s_church%2C_Llangennith%2C_The_Gower%2C_Swansea%2C_South_Wales.jpg,Wikimedia Commons,CC BY-SA 4.0,Rosser1954,Llangennith (Rhossili North) by Rosser1954 (CC BY-SA 4.0),4896,2752,"The 12th century Norman St Ceynedd's church, Llangennith, The Gower, Swansea, South Wales."
llangennith,https://upload.wikimedia.org/wikipedia/commons/e/eb/St_Ceynedd%27s_church_interior%2C_Llangennith%2C_The_Gower%2C_Swansea%2C_South_Wales.jpg,Wikimedia Commons,CC BY-SA 4.0,Rosser1954,Llangennith (Rhossili North) by Rosser1954 (CC BY-SA 4.0),4896,2752,"St Ceynedd's church interior, Llangennith, The Gower, Swansea, South Wales"
llangennith,https://upload.wikimedia.org/wikipedia/commons/6/6e/St_Ceynedd%27s_stone%2C_Llangennith%2C_The_Gower%2C_Swansea%2C_South_Wales.jpg,Wikimedia Commons,CC BY-SA 4.0,Rosser1954,Llangennith (Rhossili North) by Rosser1954 (CC BY-SA 4.0),2942,2734,"St Ceynedd's stone, Llangennith, The Gower, Swansea, South Wales. Celtic interlace carving."
llangennith,https://upload.wikimedia.org/wikipedia/commons/7/75/The_St_Ceynedd%27s_Holy_Well%2C_Llangennith%2C_The_Gower%2C_Swansea%2C_South_Wales.jpg,Wikimedia Commons,CC BY-SA 4.0,Rosser1954,Llangennith (Rhossili North) by Rosser1954 (CC BY-SA 4.0),4514,1661,"St Ceynedd's Holy Well, Llangennith, The Gower, Swansea, South Wales. Sunken trough and watercress."
llangennith,https://upload.wikimedia.org/wikipedia/commons/b/b1/Ffermdy_hynafol_Kennixton%2C_Sain_Ffagan_-_Kennixton_Farmhouse_at_St_Fagans%2C_Cardiff%2C_Wales_01.jpg,Wikimedia Commons,CC BY-SA 4.0,Llywelyn2000,Llangennith (Rhossili North) by Llywelyn2000 (CC BY-SA 4.0),2550,1456,This is a photo of listed building number
broughton-bay,https://upload.wikimedia.org/wikipedia/commons/a/a0/Broughton_Bay.JPG,Wikimedia Commons,Public domain,Rodw,Broughton Bay by Rodw (Public domain),3264,1745,Broughton Bay
whiteford-sands,https://upload.wikimedia.org/wikipedia/commons/e/e0/Whiteford_Lighthouse_-_low_tide.jpg,Wikimedia Commons,CC BY 2.0,Thomas Guest,Whiteford Sands by Thomas Guest (CC BY 2.0),2022,1501,"Whiteford Lighthouse, located near Whiteford Sands, southern Wales at low tide."
whiteford-sands,https://upload.wikimedia.org/wikipedia/commons/a/a1/Whiteford_Lighthouse_in_2010.jpg,Wikimedia Commons,CC BY 2.0,Thomas Guest,Whiteford Sands by Thomas Guest (CC BY 2.0),1452,1984,"Whiteford Lighthouse, located near Whiteford Sands, southern Wales"
whiteford-sands,https://upload.wikimedia.org/wikipedia/commons/5/5d/Whiteford_Sands_-_Wales.jpg,Wikimedia Commons,CC BY 2.0,"David Dawson from Addlestone, UK","Whiteford Sands by David Dawson from Addlestone, UK (CC BY 2.0)",3888,2592,"Whiteford Lighthouse, located near Whiteford Sands, southern Wales"
pwll-du-bay,https://upload.wikimedia.org/wikipedia/commons/d/dc/Pwlldu_Bay_from_the_east.jpg,Wikimedia Commons,CC BY-SA 3.0,Gav 2000,Pwll Du Bay by Gav 2000 (CC BY-SA 3.0),2048,1367,"View of Pwlldu Bay, Gower Peninsula, taken in April 2012"
pwll-du-bay,https://upload.wikimedia.org/wikipedia/commons/e/ed/Cottages%2C_Pwll_Du_Bay_-_geograph.org.uk_-_6222927.jpg,Wikimedia Commons,CC BY-SA 2.0,Eirian Evans,"Cottages, Pwll Du Bay by Eirian Evans",4000,3000,"Cottages, Pwll Du Bay"
pwll-du-bay,https://upload.wikimedia.org/wikipedia/commons/7/78/National_Trust_Donation_box%2C_Pwll_Du_Bay_-_geograph.org.uk_-_6222942.jpg,Wikimedia Commons,CC BY-SA 2.0,Eirian Evans,"National Trust Donation box, Pwll Du Bay by Eirian Evans",4000,3000,"National Trust Donation box, Pwll Du Bay"
pwll-du-bay,https://upload.wikimedia.org/wikipedia/commons/a/ac/Pwll_Du_Bay_-_geograph.org.uk_-_6222931.jpg,Wikimedia Commons,CC BY-SA 2.0,Eirian Evans,Pwll Du Bay by Eirian Evans,4000,3000,Pwll Du Bay
mewslade-bay,https://upload.wikimedia.org/wikipedia/commons/6/60/Coast_Path_above_Mewslade_Bay_-_geograph.org.uk_-_6928291.jpg,Wikimedia Commons,CC BY-SA 2.0,Des Blenkinsopp,Coast Path above Mewslade Bay by Des Blenkinsopp,5472,3648,Coast Path above Mewslade Bay
mewslade-bay,https://upload.wikimedia.org/wikipedia/commons/1/11/Coast_Path_at_Mew_Slade_-_geograph.org.uk_-_6927762.jpg,Wikimedia Commons,CC BY-SA 2.0,Des Blenkinsopp,Coast Path at Mew Slade by Des Blenkinsopp,5472,3648,Coast Path at Mew Slade
mewslade-bay,https://upload.wikimedia.org/wikipedia/commons/4/4a/Coastal_footpath_above_Mewslade_Bay_-_geograph.org.uk_-_5838816.jpg,Wikimedia Commons,CC BY-SA 2.0,David Smith,Coastal footpath above Mewslade Bay by David Smith,1600,1200,Coastal footpath above Mewslade Bay
mewslade-bay,https://upload.wikimedia.org/wikipedia/commons/4/48/Unusual_cloud_formation_above_the_South_Gower_coast_near_Mewslade_Bay_%28geograph_6894924%29.jpg,Wikimedia Commons,CC BY-SA 2.0,Alan Hughes,Alan Hughes,2048,1536,Crowning glory: unusual cloud formation above the South Gower coast near Mewslade Bay
mewslade-bay,https://upload.wikimedia.org/wikipedia/commons/a/ab/Wales_Coast_Path_above_Mewslade_Bay_-_geograph.org.uk_-_7017094.jpg,Wikimedia Commons,CC BY-SA 2.0,Eirian Evans,Wales Coast Path above Mewslade Bay by Eirian Evans,4000,3000,Wales Coast Path above Mewslade Bay
fall-bay,https://upload.wikimedia.org/wikipedia/commons/8/88/Gower_Coastline_-_geograph.org.uk_-_7304295.jpg,Wikimedia Commons,CC BY-SA 2.0,Ben Meyrick,Gower Coastline by Ben Meyrick,4032,3024,Gower Coastline
fall-bay,https://upload.wikimedia.org/wikipedia/commons/d/d5/Gower_coast_%28geograph_6786246%29.jpg,Wikimedia Commons,CC BY-SA 2.0,Alan Hughes,Alan Hughes,3897,2922,Gower coast. This area of the coast is characterised by rocky inlets cut into the limestone cliffs.
fall-bay,https://upload.wikimedia.org/wikipedia/commons/d/d3/Gower_coastline_-_geograph.org.uk_-_4994813.jpg,Wikimedia Commons,CC BY-SA 2.0,Helen,Gower coastline by Helen,3456,2304,Gower coastline
fall-bay,https://upload.wikimedia.org/wikipedia/commons/1/1b/Gower_ponies_-_geograph.org.uk_-_7778677.jpg,Wikimedia Commons,CC BY-SA 2.0,Alan Hughes,Gower ponies by Alan Hughes,4032,3024,Gower ponies
fall-bay,https://upload.wikimedia.org/wikipedia/commons/c/ca/Welsh_Black_cattle%2C_Gower%2C_Wales.jpg,Wikimedia Commons,CC BY-SA 4.0,Vouliagmeni,Fall Bay by Vouliagmeni (CC BY-SA 4.0),4032,3024,"Welsh Black cattle near Rhossili, Gower, Wales standing behind a dry stone wall"
fall-bay,https://upload.wikimedia.org/wikipedia/commons/1/1a/Footpath_towards_Fall_Bay%2C_Gower_-_geograph.org.uk_-_7361853.jpg,Wikimedia Commons,CC BY-SA 2.0,Alan Hughes,"Footpath towards Fall Bay, Gower by Alan Hughes",3940,2955,"Footpath towards Fall Bay, Gower"
fall-bay,https://upload.wikimedia.org/wikipedia/commons/4/48/Unusual_cloud_formation_above_the_South_Gower_coast_near_Mewslade_Bay_%28geograph_6894924%29.jpg,Wikimedia Commons,CC BY-SA 2.0,Alan Hughes,Alan Hughes,2048,1536,Crowning glory: unusual cloud formation above the South Gower coast near Mewslade Bay
fall-bay,https://upload.wikimedia.org/wikipedia/commons/a/aa/Boat_off_Worms_Head_-_geograph.org.uk_-_3991379.jpg,Wikimedia Commons,CC BY-SA 2.0,Philip Halling,Boat off Worms Head by Philip Halling,1024,680,Boat off Worms Head
fall-bay,https://upload.wikimedia.org/wikipedia/commons/a/ad/Boat_viewed_off_Worms_Head_-_geograph.org.uk_-_3991348.jpg,Wikimedia Commons,CC BY-SA 2.0,Philip Halling,Boat viewed off Worms Head by Philip Halling,1024,680,Boat viewed off Worms Head
fall-bay,https://upload.wikimedia.org/wikipedia/commons/d/dd/Low_tide_on_Worm%27s_Head_-_geograph.org.uk_-_3992438.jpg,Wikimedia Commons,CC BY-SA 2.0,Philip Halling,Low tide on Worm's Head by Philip Halling,1024,680,Low tide on Worm's Head
bracelet-bay,https://upload.wikimedia.org/wikipedia/commons/8/8d/Bracelet_Bay%2C_Looking_West.jpg,Wikimedia Commons,CC BY 2.0,Dave Roberts,Bracelet Bay by Dave Roberts (CC BY 2.0),3048,1715,"Bracelet Bay at Swansea, looking towards the Glamorgan hills."
bracelet-bay,https://upload.wikimedia.org/wikipedia/commons/e/ec/Bracelet_Bay_%285484%29.jpg,Wikimedia Commons,CC BY-SA 4.0,Nilfanion,Bracelet Bay by Nilfanion (CC BY-SA 4.0),4288,2848,Bracelet Bay
bracelet-bay,https://upload.wikimedia.org/wikipedia/commons/8/87/Bracelet_Bay_%285496%29.jpg,Wikimedia Commons,CC BY-SA 4.0,Nilfanion,Bracelet Bay by Nilfanion (CC BY-SA 4.0),4288,2848,Bracelet Bay
bracelet-bay,https://upload.wikimedia.org/wikipedia/commons/e/ec/Forte%27s_Ice_Cream_in_three_tubs.jpg,Wikimedia Commons,CC BY-SA 4.0,Vouliagmeni,Bracelet Bay by Vouliagmeni (CC BY-SA 4.0),3264,2448,"Forte's Ice Cream in three tubs on service counter of their ice cream parlour at Bracelet Bay, Mumbles, Swansea, Wales"
bracelet-bay,https://upload.wikimedia.org/wikipedia/commons/9/92/Limeslade_Willowherb.jpg,Wikimedia Commons,CC BY 2.0,Dave Roberts,Bracelet Bay by Dave Roberts (CC BY 2.0),3456,1944,"Lush green vegetation and  willowherb and heather, growing beside a clifftop walk between Limeslade Bay and Langland Bay near Swansea."
bracelet-bay,https://upload.wikimedia.org/wikipedia/commons/6/6e/Mumbles_Head_Lighthouse%2C_Mumbles%2C_Wales_LOC_3751630527.jpg,Wikimedia Commons,No restrictions,The Library of Congress,Bracelet Bay by The Library of Congress (No restrictions),1024,775,"[Mumbles Head Lighthouse, Mumbles, Wales]
[between ca. 1890 and ca. 1900].
1 photomechanical print : photochrom, color.
Notes:
 Title from the Detroit Publishing Co., catalogue J--foreign section. Detroit, Mich. : Detroit Photographic Company, 1905.
Print no. ""11184"".
Forms part of: Views of landscape and architecture in Wales in the Photochrom print collection.
Subjects:
 Wales--Mumbles.
Format:  Photochrom prints--Color--1890-1900.
Rights Info:  No known restrictions on reproduction.
Repository:  Library of Congress, Prints and Photographs Division, Washington, D.C. 20540 USA, http://hdl.loc.gov/loc.pnp/pp.print
Part Of:  Views of landscape and architecture in Wales (DLC)  2001700652
More information about the Photochrom Print Collection is available at http://hdl.loc.gov/loc.pnp/pp.pgz
Persistent URL:   http://hdl.loc.gov/loc.pnp/ppmsc.07461

Call Number:  LOT 13408, no. 125 [item]"
bracelet-bay,https://upload.wikimedia.org/wikipedia/commons/6/60/View_to_Bracelet_Bay.jpg,Wikimedia Commons,CC BY 2.0,Dave Roberts,Bracelet Bay by Dave Roberts (CC BY 2.0),1980,2640,The path by the coast winding its way under the clouds from Langland Bay to Limeslade at the Mumbles near Swansea. The scenery is beautiful as smoke rises from a factory in the distance...
bracelet-bay,https://upload.wikimedia.org/wikipedia/commons/2/29/Viewpoint-_Bracelet_Bay_Swansea%2C_Wales_%2825025577546%29.jpg,Wikimedia Commons,CC BY 2.0,"Jeremy Segrott from Cardiff, Wales, UK","Bracelet Bay by Jeremy Segrott from Cardiff, Wales, UK (CC BY 2.0)",5184,3456,"A sunny winter's day at Bracelet Bay, Swansea.."
limeslade-bay,https://upload.wikimedia.org/wikipedia/commons/9/92/Limeslade_Willowherb.jpg,Wikimedia Commons,CC BY 2.0,Dave Roberts,Limeslade Bay by Dave Roberts (CC BY 2.0),3456,1944,"Lush green vegetation and  willowherb and heather, growing beside a clifftop walk between Limeslade Bay and Langland Bay near Swansea."
limeslade-bay,https://upload.wikimedia.org/wikipedia/commons/2/27/Walkers_on_Wales_Coastal_Path_%28geograph_6278271%29.jpg,Wikimedia Commons,CC BY-SA 2.0,Alan Hughes,Alan Hughes,3264,2448,Walkers on Wales Coastal Path. Descending the path from Rams Tor towards Limeslade Bay.
rotherslade-bay,https://upload.wikimedia.org/wikipedia/commons/7/71/RothersladeBay.jpg,Wikimedia Commons,CC BY-SA 3.0,Threefoursixninefour,User:Threefoursixninefour,1600,1083,View of Rotherslade Bay on the Gower Peninsula.
