Priority,Company Name,Type,Website,Program Type,Commission Rate,API Available,Content Feed,Sign Up Difficulty,Time to Integration,Best For,Apply URL,Notes
1 - START HERE,Booking.com,Accommodation,https://www.booking.com,Affiliate Partner Program,4-5% of booking value,Yes - Full API,Yes - 29M+ properties with photos/reviews,Easy - Website required,1-2 days,Primary accommodation feed,https://partner.booking.com/en-gb/affiliate-program,"Best accommodation API. Real-time availability, photos, reviews, pricing. Widgets, banners, deep links. Pays on completed stays. 30-day cookie."
1 - START HERE,GetYourGuide,Activities & Tours,https://www.getyourguide.com,Partner API + Affiliate,7-8% base commission,Yes - REST API,Yes - 300K+ experiences with images/desc,Easy - Website/app required,1-2 days,Activity content feed,https://partner.getyourguide.com,"Best activity API. JSON format, real-time availability, rich content. Good for West Country activities. 31-day cookie."
1 - START HERE,Viator (TripAdvisor),Activities & Tours,https://www.viator.com,Affiliate Program,8% average,Yes - API for approved,Yes - 300K+ experiences,Easy - Website required,1-3 days,Activity backup/alternative,https://www.viator.com/affiliate/affiliate-program,TripAdvisor owned. Large inventory. Weekly PayPal payouts available. Good reputation.
1 - START HERE,TripAdvisor,Reviews & Attractions,https://www.tripadvisor.com,Content API + Affiliate,N/A content / 4-5% bookings,Yes - Content API,"Yes - Reviews, ratings, photos (free)",Easy - 15+ properties needed,1-2 days,Reviews and social proof,https://www.tripadvisor.com/developers,FREE content API for reviews and ratings. Must display attribution. Great for adding credibility.
2 - HIGH VALUE,Airbnb,Vacation Rentals,https://www.airbnb.com,API (limited),N/A - API partners only,Yes - by invitation,Yes - Full property data,Medium - Application required,1-2 weeks,Unique stays content,https://www.airbnb.com/partners,"Unique properties, great content. API by invitation - apply early. Good for 'quirky stays' content."
2 - HIGH VALUE,Expedia TAAP,Travel Platform,https://www.expedia.com,Travel Agent API,Varies 3-10%,Yes - Rapid API,"Yes - Hotels, flights, cars",Medium - Business registration,3-5 days,Full travel platform,https://www.expedia.com/taap,Full travel inventory. White-label options. Good for comprehensive travel site.
2 - HIGH VALUE,Vrbo,Vacation Rentals,https://www.vrbo.com,Integration Central API,Varies,Yes - API,Yes - Vacation rental data,Medium - Need channel manager,1 week,Holiday rental content,https://www.vrbo.com/partner,Good for family/group accommodation. Part of Expedia Group.
2 - HIGH VALUE,Tiqets,Attractions & Museums,https://www.tiqets.com,Affiliate Program,6-10%,Yes - API available,Yes - Museum/attraction data,Easy - Website required,2-3 days,Attraction tickets,https://www.tiqets.com/en/affiliates.html,Specialist in skip-the-line tickets. Good for West Country attractions.
2 - HIGH VALUE,Klook,Activities & Tours,https://www.klook.com,Affiliate Program,5-10%,Yes - API,Yes - Activity content,Easy - Website required,2-3 days,Asia + Europe activities,https://www.klook.com/en-GB/affiliate/,"Strong in Asia, growing UK presence. Good commission rates."
3 - SPECIALIST,Trainline,Rail Tickets,https://www.thetrainline.com,Affiliate Program,Varies,Limited API,Yes - Journey planner,Easy - Website required,1-2 days,Transport content,https://www.trainline.com/affiliates,UK rail booking. Good for 'how to get there' content.
3 - SPECIALIST,Omio,Multi-modal Transport,https://www.omio.com,Affiliate Program,Varies,Yes - API,Yes - Transport options,Easy - Website required,2-3 days,Transport comparison,https://www.omio.com/partners/,"Trains, buses, flights in one. Good for journey planning content."
3 - SPECIALIST,Rentalcars.com,Car Rental,https://www.rentalcars.com,Booking.com Affiliate,3-5%,Via Booking API,Yes - Car rental data,Easy - Via Booking.com,1-2 days,Car hire content,https://partnerships.booking.com,800+ suppliers. Good for 'road trip' content.
3 - SPECIALIST,Discover Cars,Car Rental,https://www.discovercars.com,Affiliate Program,50-70% of commission,Yes - API,Yes - Car rental comparison,Easy - Website required,2-3 days,Car hire alternative,https://www.discovercars.com/affiliates,High commission share. Competitive rates.
4 - PRODUCTS,Amazon Associates,General Products,https://affiliate-program.amazon.co.uk,Affiliate Program,1-10% depending on category,Yes - Product API,Yes - Full product catalog,Easy - Website required,Immediate,Outdoor gear products,https://affiliate-program.amazon.co.uk,"Vast product range. Easy integration. Good for gear guides, 'what to bring' content."
4 - PRODUCTS,Surfdome,Surf & Outdoor Gear,https://www.surfdome.com,Affiliate Program,5-8%,Yes - Product feed,Yes - Surf/outdoor products,Easy - Website required,2-3 days,Surf gear products,https://www.surfdome.com/affiliates,"Surf, skate, outdoor gear. UK based. Good for equipment content."
4 - PRODUCTS,Surfstitch,Surf Gear,https://www.surfstitch.com,Affiliate Program,5-10%,Product feed,Yes - Surf products,Easy - Website required,2-3 days,Surf apparel,https://www.surfstitch.com/affiliates,Surf clothing and accessories. Good product imagery.
4 - PRODUCTS,Wetsuit Outlet,Watersports Gear,https://www.wetsuitoutlet.co.uk,Affiliate Program,5-8%,Product feed,"Yes - Wetsuits, boards",Easy - Website required,2-3 days,Watersports equipment,https://www.wetsuitoutlet.co.uk/affiliates,"Wetsuits, boards, accessories. UK specialist."
4 - PRODUCTS,Snow+Rock,Outdoor Gear,https://www.snowandrock.com,Affiliate Program,5-8%,Product feed,Yes - Outdoor equipment,Easy - Website required,2-3 days,Outdoor clothing/gear,https://www.snowandrock.com/affiliates,"Outdoor clothing, climbing gear, camping."
4 - PRODUCTS,Cotswold Outdoor,Outdoor Gear,https://www.cotswoldoutdoor.com,Affiliate Program,5-8%,Product feed,Yes - Outdoor equipment,Easy - Website required,2-3 days,Hiking/camping gear,https://www.cotswoldoutdoor.com/affiliates,UK outdoor retailer. Good for adventure gear content.
4 - PRODUCTS,Ellis Brigham,Outdoor Gear,https://www.ellis-brigham.com,Affiliate Program,5-8%,Product feed,Yes - Outdoor equipment,Easy - Website required,2-3 days,Climbing/outdoor gear,https://www.ellis-brigham.com/affiliates,Mountain sports specialist. Good for climbing content.
4 - PRODUCTS,Patagonia,Outdoor Clothing,https://www.patagonia.com,Affiliate Program,8%,Product feed,Yes - Premium outdoor wear,Medium - Application,1 week,Premium outdoor brand,https://www.patagonia.com/affiliates,"Premium brand, good conversion. Environmental focus."
4 - PRODUCTS,The North Face,Outdoor Clothing,https://www.thenorthface.co.uk,Affiliate Program,7%,Product feed,Yes - Outdoor apparel,Medium - Application,1 week,Recognized outdoor brand,https://www.thenorthface.co.uk/affiliates,"Well-known brand, good for credibility."
5 - FREE DATA,Met Office DataPoint,Weather Data,https://www.metoffice.gov.uk,Free API,Free,Yes - Weather API,"Yes - Forecasts, warnings",Free - Registration only,Immediate,Weather content,https://www.metoffice.gov.uk/datapoint,FREE UK weather data. Essential for outdoor activity sites.
5 - FREE DATA,Ordnance Survey,Maps,https://www.ordnancesurvey.co.uk,Maps API,Free tier available,Yes - OS Maps API,Yes - UK mapping data,Free tier - Registration,Immediate,Map content,https://osdatahub.os.uk,FREE tier available. Best UK mapping. Essential for outdoor sites.
5 - FREE DATA,Mapbox,Maps,https://www.mapbox.com,Maps API,Free tier (50K loads),Yes - Maps SDK,Yes - Customizable maps,Free tier - Registration,Immediate,Custom maps,https://www.mapbox.com/developers,FREE tier. Cheaper than Google. Good outdoor styles.
5 - FREE DATA,National Trust,Attractions,https://www.nationaltrust.org.uk,Content Partnership,N/A,Limited,Yes - Property info,Easy - Partnership,1 week,Heritage content,https://www.nationaltrust.org.uk/affiliates,Many West Country sites. Content partnership available.
5 - FREE DATA,Outdooractive,Routes & Trails,https://www.outdooractive.com,Partner Program,Varies,Yes - Route API,Yes - Hiking/cycling routes,Free - Registration,Immediate,Route content,https://www.outdooractive.com/en/partners/,Europe's largest outdoor platform. Route sharing available.
5 - FREE DATA,AllTrails,Hiking Trails,https://www.alltrails.com,Partner/API,N/A,API available,Yes - Trail data,By application,1-2 weeks,Trail content,https://www.alltrails.com/partners,Popular trail app. Good for hiking content.
6 - EVENTS,Let's Do This,Event Listings,https://www.letsdothis.com,Affiliate Program,Varies,Yes - Event API,Yes - Race listings,Easy - Registration,2-3 days,Event content,https://www.letsdothis.com/partners,Major event platform. Good for race listings.
6 - EVENTS,Find a Race,Event Listings,https://www.findarace.com,Data Partnership,Varies,Yes - Event feed,Yes - UK race listings,By arrangement,1 week,Event content,https://www.findarace.com,UK focused race listings. Good for running events.
7 - PAYMENTS,Stripe,Payment Processing,https://stripe.com,Payment API,2.9% + 30p,Yes - Full API,N/A,Business account,1-2 days,Direct bookings,https://stripe.com,Best for direct bookings. Easy integration. Developer friendly.
7 - PAYMENTS,PayPal,Payment Processing,https://www.paypal.com,Payment API,2.9% + fixed fee,Yes - Checkout API,N/A,Business account,Immediate,Payment option,https://developer.paypal.com,Widely trusted. Easy button integration.
