Property Name,Type,Location,Region,Website,Price/Night (£),Adventure Features,Booking.com URL,Airbnb URL,Google Rating
YHA Snowdon Pen-y-Pass,Hostel,Pen-y-Pass,Snowdonia,https://www.yha.org.uk,25-80,"Drying room, boot room, packed lunches, licensed bar",https://www.booking.com,N/A,4.5/5
YHA Snowdon Llanberis,Hostel,Llanberis,Snowdonia,https://www.yha.org.uk,25-70,"Bike storage, drying room, self-catering kitchen",https://www.booking.com,N/A,4.5/5
Ben's Bunkhouse,Bunkhouse,Nant Peris,Snowdonia,https://www.bensbunkhouse.co.uk,25-40,"Drying room, self-catering, 24 beds, mountain views",N/A,N/A,4.5/5
Plas y Brenin,Activity Centre/Hotel,Capel Curig,Snowdonia,https://pyb.co.uk,80-150,"Full equipment, instruction, restaurant, bar, drying room",N/A,N/A,4.5/5
The Snowdon Inn (Y Fricsan),Campsite/Bunkhouse,Llanberis,Snowdonia,https://www.yfricsan.co.uk,"15-30 camping, 30-50 bunkhouse","Pizza restaurant, lakeside location, bike storage",N/A,N/A,4.5/5
Treks Bunkhouse,Bunkhouse,Ffestiniog,Snowdonia,https://independenthostels.co.uk,25-45,"13 beds, wheelchair access, near Antur Stiniog/Zip World",N/A,N/A,4.5/5
Arete Outdoor Centre,Activity Centre,Llanrug,Snowdonia,https://www.areteoutdoorcentre.co.uk,60-100,"Full activity programmes, equipment, catering, 100+ beds",N/A,N/A,4.5/5
Platts Farm,Campsite/Bunkhouse,Llanfairfechan,Snowdonia,https://plattsfarm.co.uk,"15-25 camping, 25-40 bunkhouse","Coastal location, 5 mins to village",N/A,N/A,4.0/5
Bala Backpackers,Hostel,Bala,Snowdonia,https://independenthostels.co.uk,20-35,"30 single beds, self-catering, near lake activities",https://www.booking.com,N/A,4.5/5
Crashpad Lodges at Yr Helfa,Eco Lodges,Llanberis,Snowdonia,https://www.yrhelfa.co.uk,100-200,"Off-grid, renewable energy, 10 min from Llanberis Path",N/A,https://www.airbnb.co.uk,5.0/5
Preseli Venture Eco Lodge,Eco Lodge,Mathry,Pembrokeshire,https://www.preseliventure.co.uk,60-120,"Eco-friendly, activity packages, home-cooked food",N/A,N/A,5.0/5
TYF Cliff-top Campsite,Campsite,Porthclais,Pembrokeshire,https://www.tyf.com,15-30,"Cliff-top views, near St Davids, TYF activity discounts",N/A,N/A,4.5/5
St Davids YHA,Hostel,St Davids,Pembrokeshire,https://www.yha.org.uk,25-70,"Self-catering, near coast path, bike storage",https://www.booking.com,N/A,4.5/5
Tregwynt Hotel,Hotel,Fishguard,Pembrokeshire,https://www.tregwynt.co.uk,100-200,"Coastal location, restaurant, near Strumble Head",https://www.booking.com,N/A,4.5/5
Stackpole Centre (National Trust),Cottages/Camping,Stackpole,Pembrokeshire,https://www.nationaltrust.org.uk,80-200,"National Trust property, near Barafundle Bay",N/A,N/A,4.5/5
Broadhaven Camping,Campsite,Broadhaven,Pembrokeshire,https://www.broadhavencamping.co.uk,15-30,"Beach access, family-friendly, near coast path",N/A,N/A,4.0/5
Newgale Campsite,Campsite,Newgale,Pembrokeshire,https://www.newgalecampsite.co.uk,15-25,"Beachfront, surfing access, basic facilities",N/A,N/A,4.0/5
The Grove Hotel,Hotel,Narberth,Pembrokeshire,https://www.grove-narberth.co.uk,150-300,"Luxury, restaurant, spa, near coast",https://www.booking.com,N/A,5.0/5
Whitesands Bay Caravan Park,Campsite/Caravans,Whitesands,Pembrokeshire,https://www.whitesandsbay.co.uk,20-80,"Beachfront, surfing beach, family facilities",N/A,N/A,4.0/5
Sealyham Activity Centre,Activity Centre,Sealyham,Pembrokeshire,https://www.sealyham.com,60-100,"Residential activities, full board, groups",N/A,N/A,4.5/5
YHA Brecon Beacons,Hostel,Libanus,Brecon Beacons,https://www.yha.org.uk,25-70,"Drying room, self-catering, near Pen y Fan",https://www.booking.com,N/A,4.5/5
YHA Llanbedr,Hostel,Llanbedr,Brecon Beacons,https://www.yha.org.uk,25-65,"Quiet location, walking access, self-catering",https://www.booking.com,N/A,4.5/5
Penstar Bunkhouse,Bunkhouse,Libanus,Brecon Beacons,https://independenthostels.co.uk,25-40,"20 beds, disabled access, on working farm, Taff Trail",N/A,N/A,4.5/5
The Lodge (Staylittle),Bunkhouse,Staylittle,Brecon Beacons,https://independenthostels.co.uk,25-45,"35-40 beds, bike workshop, Dark Sky location, dog-friendly",N/A,N/A,4.5/5
Grawen Camping,Campsite,Merthyr Tydfil,Brecon Beacons,https://www.grawen.co.uk,15-30,"10 min from BikePark Wales, hot showers, electric hook-ups",N/A,N/A,4.0/5
Twin Trails B&B,B&B,Merthyr Tydfil,Brecon Beacons,https://www.twintrails.co.uk,35-60,"Rider-focused, bike storage, cleaning, laundry, 2 min from BPW",N/A,N/A,5.0/5
Premier Inn Merthyr Tydfil,Hotel,Merthyr Tydfil,Brecon Beacons,https://www.premierinn.com,50-90,"Near BikePark Wales, bike-friendly (take to room)",https://www.booking.com,N/A,4.0/5
Llanthony Priory Hotel,Hotel,Llanthony,Brecon Beacons,https://www.llanthonypriory.co.uk,80-150,"Historic setting, pub, walking access",https://www.booking.com,N/A,4.5/5
Craig y Nos Castle,Hotel,Ystradgynlais,Brecon Beacons,https://www.craigynoscastle.co.uk,80-150,"Historic castle, theatre, caving nearby",https://www.booking.com,N/A,4.0/5
Waterfall Country Campsite,Campsite,Ystradfellte,Brecon Beacons,https://www.waterfallcountry.co.uk,15-25,"Near waterfalls, basic facilities, walking access",N/A,N/A,4.0/5
Rhosneigr Bunkhouse,Bunkhouse,Rhosneigr,Anglesey,https://independenthostels.co.uk,25-40,"Community-run, 5 min to beach, village events",N/A,N/A,4.5/5
Driftwood Guest House,B&B,Rhosneigr,Anglesey,https://www.driftwoodrhosneigr.co.uk,80-150,"Boutique, sea views, near beach, gourmet breakfast",https://www.booking.com,https://www.airbnb.co.uk,5.0/5
Surf's Edge Apartment,Self-catering,Rhosneigr,Anglesey,https://anglesey-holiday-lettings.com,100-200,"Dog-friendly, sea views, near beach",N/A,https://www.airbnb.co.uk,4.5/5
Sea Breeze Apartment,Self-catering,Rhosneigr,Anglesey,https://anglesey-holiday-lettings.com,100-200,"Sea views, beach access, modern",N/A,https://www.airbnb.co.uk,4.5/5
Morawelon House,Self-catering,Rhosneigr,Anglesey,https://anglesey-holiday-lettings.com,150-300,"Spacious, family-friendly, near beach",N/A,https://www.airbnb.co.uk,4.5/5
Plas Menai Accommodation,Activity Centre,Caernarfon,Anglesey,https://www.plasmenai.co.uk,60-120,"Watersports packages, equipment, restaurant",N/A,N/A,4.5/5
Newborough Forest Campsite,Campsite,Newborough,Anglesey,https://www.forestholidays.co.uk,20-50,"Forest setting, beach access, nature trails",N/A,N/A,4.5/5
Trearddur Bay Hotel,Hotel,Trearddur Bay,Anglesey,https://www.trearddurbayhotel.co.uk,100-200,"Sea views, spa, restaurant, beach access",https://www.booking.com,N/A,4.5/5
Church Bay Cottages,Self-catering,Church Bay,Anglesey,https://www.churchbay.co.uk,80-150,"Coastal location, near beach, self-catering",N/A,https://www.airbnb.co.uk,4.5/5
Cemaes Bay Caravan Park,Campsite/Caravans,Cemaes Bay,Anglesey,https://www.cemaesbay.co.uk,20-60,"Beach access, family facilities",N/A,N/A,4.0/5
Rhosili Bunkhouse,Bunkhouse,Rhosili,Gower,https://independenthostels.co.uk,25-45,"Community-run, 5 min to Rhossili Bay, village events",N/A,N/A,4.5/5
Pitton Cross Campsite,Campsite,Rhosili,Gower,https://www.pittoncross.co.uk,15-30,"Near Rhossili, coastal views, basic facilities",N/A,N/A,4.0/5
Llangennith Campsite,Campsite,Llangennith,Gower,https://www.llangennithcampsite.co.uk,15-30,"Beachfront, surfing access, pub nearby",N/A,N/A,4.0/5
The King Arthur Hotel,Hotel,Reynoldston,Gower,https://www.kingarthurhotel.co.uk,100-200,"Country hotel, restaurant, near beaches",https://www.booking.com,N/A,4.5/5
Fairyhill,Hotel,Reynoldston,Gower,https://www.fairyhill.net,150-300,"Luxury, restaurant, gardens, near beaches",https://www.booking.com,N/A,5.0/5
Oxwich Bay Hotel,Hotel,Oxwich,Gower,https://www.oxwichbayhotel.co.uk,100-200,"Beachfront, restaurant, watersports nearby",https://www.booking.com,N/A,4.5/5
Port Eynon Beach Campsite,Campsite,Port Eynon,Gower,https://www.porteynoncampsite.co.uk,15-30,"Beachfront, basic facilities, coastal path",N/A,N/A,4.0/5
Three Cliffs Bay Campsite,Campsite,Three Cliffs,Gower,https://www.threecliffsbay.com,20-40,"Scenic location, near beach, glamping options",N/A,N/A,4.5/5
Cwtsh Hostel,Hostel,Swansea,Gower,https://www.cwtshhostel.co.uk,25-50,"Award-winning, city location, near Gower",https://www.booking.com,N/A,4.5/5
Gower Cottage,Self-catering,Various,Gower,https://www.gowercottage.co.uk,100-250,"Various properties, self-catering, coastal",N/A,https://www.airbnb.co.uk,4.5/5
The Lodge (Llandegla),Bunkhouse,Llandegla,Mid Wales,https://independenthostels.co.uk,25-45,"Near Oneplanet Adventure, bike storage, self-catering",N/A,N/A,4.5/5
Borth YHA,Hostel,Borth,Mid Wales,https://www.yha.org.uk,25-60,"Seafront, near AberAdventures, self-catering",https://www.booking.com,N/A,4.0/5
Aberystwyth YHA,Hostel,Aberystwyth,Mid Wales,https://www.yha.org.uk,25-65,"Town location, near coast, self-catering",https://www.booking.com,N/A,4.5/5
Elan Valley Hotel,Hotel,Elan Valley,Mid Wales,https://www.elanvalleyhotel.co.uk,80-150,"Near reservoirs, walking, cycling, Dark Sky",https://www.booking.com,N/A,4.5/5
Hafren Forest Hideaway,Hostel,Staylittle,Mid Wales,https://independenthostels.co.uk,20-40,"Remote location, Cambrian Mountains, walking",N/A,N/A,4.5/5
Lake Vyrnwy Hotel,Hotel,Lake Vyrnwy,Mid Wales,https://www.lakevyrnwy.com,100-200,"Lake views, walking, cycling, RSPB reserve",https://www.booking.com,N/A,4.5/5
Machynlleth YHA,Hostel,Machynlleth,Mid Wales,https://www.yha.org.uk,25-60,"Near Dyfi Forest MTB, eco-town, self-catering",https://www.booking.com,N/A,4.0/5
Dolgellau YHA,Hostel,Dolgellau,Mid Wales,https://www.yha.org.uk,25-65,"Near Coed y Brenin, self-catering, bike storage",https://www.booking.com,N/A,4.5/5
Tynycornel Hotel,Hotel,Tal-y-llyn,Mid Wales,https://www.tynycornel.co.uk,80-150,"Lake location, fishing, walking, near Coed y Brenin",https://www.booking.com,N/A,4.5/5
Corris Hostel,Hostel,Corris,Mid Wales,https://independenthostels.co.uk,20-35,"Near Mach Trails MTB, self-catering",N/A,N/A,4.0/5
Abersoch YHA,Hostel,Abersoch,Llŷn Peninsula,https://www.yha.org.uk,25-80,"Near beach, sailing, self-catering",https://www.booking.com,N/A,4.5/5
The Vaynol,Hotel,Abersoch,Llŷn Peninsula,https://www.thevaynol.co.uk,100-200,"Village location, near beach, restaurant",https://www.booking.com,N/A,4.5/5
West Wales Windsurf,Campsite,Abersoch,Llŷn Peninsula,https://www.westwaleswindsurf.co.uk,15-30,"Watersports focus, beach access",N/A,N/A,4.0/5
Pwllheli Marina Apartments,Self-catering,Pwllheli,Llŷn Peninsula,https://www.pwllhelimarina.co.uk,80-150,"Marina location, sailing access, modern",N/A,https://www.airbnb.co.uk,4.5/5
Nefyn Golf Club Accommodation,Hotel,Nefyn,Llŷn Peninsula,https://www.nefyn-golf-club.co.uk,80-150,"Golf course, coastal views, beach access",https://www.booking.com,N/A,4.5/5
Ty Coch Inn (Morfa Nefyn),Pub/B&B,Morfa Nefyn,Llŷn Peninsula,https://www.tycoch.co.uk,80-150,"Beachfront pub, accommodation, iconic location",N/A,N/A,4.5/5
Llanbedrog Beach Huts,Glamping,Llanbedrog,Llŷn Peninsula,https://www.nationaltrust.org.uk,60-120,"Beach huts, art trail, National Trust",N/A,N/A,4.5/5
Aberdaron YHA,Hostel,Aberdaron,Llŷn Peninsula,https://www.yha.org.uk,25-60,"End of peninsula, near Bardsey, self-catering",https://www.booking.com,N/A,4.5/5
Whistling Sands Campsite,Campsite,Porthor,Llŷn Peninsula,https://www.nationaltrust.org.uk,15-30,"National Trust, beach access, cafe",N/A,N/A,4.5/5
Criccieth YHA,Hostel,Criccieth,Llŷn Peninsula,https://www.yha.org.uk,25-65,"Castle views, coastal location, self-catering",https://www.booking.com,N/A,4.5/5